timeStamp,elapsed,label,responseCode,responseMessage,threadName,dataType,success,failureMessage,bytes,sentBytes,grpThreads,allThreads,URL,Latency,IdleTime,Connect
1619510529581,41,HTTP Request register,200,OK,users 1-1,,true,,153,493,3,3,http://localhost:8080/register,38,0,27
1619510529581,41,HTTP Request register,200,OK,users 1-2,,true,,139,493,3,3,http://localhost:8080/register,38,0,27
1619510529602,21,HTTP Request register,200,OK,users 1-3,,true,,153,493,3,3,http://localhost:8080/register,18,0,7
1619510529625,3,HTTP Request login,200,OK,users 1-1,,true,,146,220,3,3,http://localhost:8080/login,3,0,0
1619510529625,5,HTTP Request login,200,OK,users 1-3,,true,,146,220,3,3,http://localhost:8080/login,5,0,0
1619510529625,7,HTTP Request login,200,OK,users 1-2,,true,,146,220,3,3,http://localhost:8080/login,7,0,0
1619510529629,3,HTTP Request applyLoan,200,OK,users 1-1,,true,,153,317,3,3,http://localhost:8080/applyLoan,3,0,0
1619510529630,3,HTTP Request applyLoan,200,OK,users 1-3,,true,,153,317,3,3,http://localhost:8080/applyLoan,3,0,0
1619510529632,1,HTTP Request applyLoan,200,OK,users 1-2,,true,,153,317,3,3,http://localhost:8080/applyLoan,1,0,0
1619510529633,1,HTTP Request update,200,OK,users 1-1,,true,,157,490,3,3,http://localhost:8080/update,1,0,0
1619510529633,2,HTTP Request update,200,OK,users 1-3,,true,,157,490,3,3,http://localhost:8080/update,2,0,0
1619510529634,2,HTTP Request update,200,OK,users 1-2,,true,,157,490,3,3,http://localhost:8080/update,2,0,0
1619510529634,2,HTTP Request logout,200,OK,users 1-1,,true,,147,125,3,3,http://localhost:8080/logout,2,0,0
1619510529635,2,HTTP Request logout,200,OK,users 1-3,,true,,147,125,3,3,http://localhost:8080/logout,2,0,0
1619510529636,1,HTTP Request logout,200,OK,users 1-2,,true,,147,125,3,3,http://localhost:8080/logout,1,0,0
1619510529637,2,HTTP Request register,200,OK,users 1-1,,true,,153,493,3,3,http://localhost:8080/register,2,0,0
1619510529637,4,HTTP Request register,200,OK,users 1-3,,true,,153,493,3,3,http://localhost:8080/register,4,0,0
1619510529638,5,HTTP Request register,200,OK,users 1-2,,true,,153,493,3,3,http://localhost:8080/register,5,0,0
1619510529640,5,HTTP Request login,200,OK,users 1-1,,true,,146,220,3,3,http://localhost:8080/login,5,0,0
1619510529642,5,HTTP Request login,200,OK,users 1-3,,true,,146,220,3,3,http://localhost:8080/login,4,0,0
1619510529645,2,HTTP Request applyLoan,200,OK,users 1-1,,true,,153,317,3,3,http://localhost:8080/applyLoan,2,0,0
1619510529644,5,HTTP Request login,200,OK,users 1-2,,true,,146,220,3,3,http://localhost:8080/login,5,0,0
1619510529647,3,HTTP Request update,200,OK,users 1-1,,true,,157,490,3,3,http://localhost:8080/update,3,0,0
1619510529647,3,HTTP Request applyLoan,200,OK,users 1-3,,true,,153,317,3,3,http://localhost:8080/applyLoan,3,0,0
1619510529649,2,HTTP Request applyLoan,200,OK,users 1-2,,true,,153,317,3,3,http://localhost:8080/applyLoan,2,0,0
1619510529650,2,HTTP Request logout,200,OK,users 1-1,,true,,147,125,3,3,http://localhost:8080/logout,2,0,0
1619510529651,2,HTTP Request update,200,OK,users 1-3,,true,,157,490,3,3,http://localhost:8080/update,2,0,0
1619510529652,2,HTTP Request update,200,OK,users 1-2,,true,,157,490,3,3,http://localhost:8080/update,2,0,0
1619510529653,3,HTTP Request register,200,OK,users 1-1,,true,,153,493,3,3,http://localhost:8080/register,3,0,0
1619510529653,4,HTTP Request logout,200,OK,users 1-3,,true,,147,125,3,3,http://localhost:8080/logout,4,0,0
1619510529654,3,HTTP Request logout,200,OK,users 1-2,,true,,147,125,3,3,http://localhost:8080/logout,3,0,0
1619510529656,3,HTTP Request login,200,OK,users 1-1,,true,,146,220,3,3,http://localhost:8080/login,3,0,0
1619510529657,4,HTTP Request register,200,OK,users 1-3,,true,,153,493,4,4,http://localhost:8080/register,4,0,0
1619510529658,5,HTTP Request register,200,OK,users 1-2,,true,,153,493,4,4,http://localhost:8080/register,5,0,0
1619510529660,4,HTTP Request applyLoan,200,OK,users 1-1,,true,,153,317,4,4,http://localhost:8080/applyLoan,4,0,0
1619510529661,5,HTTP Request login,200,OK,users 1-3,,true,,146,220,4,4,http://localhost:8080/login,5,0,0
1619510529662,8,HTTP Request register,200,OK,users 1-4,,true,,153,493,4,4,http://localhost:8080/register,8,0,0
1619510529664,7,HTTP Request update,200,OK,users 1-1,,true,,157,490,4,4,http://localhost:8080/update,7,0,0
1619510529667,5,HTTP Request applyLoan,200,OK,users 1-3,,true,,153,317,4,4,http://localhost:8080/applyLoan,5,0,0
1619510529664,10,HTTP Request login,200,OK,users 1-2,,true,,146,220,4,4,http://localhost:8080/login,10,0,0
1619510529671,4,HTTP Request logout,200,OK,users 1-1,,true,,147,125,4,4,http://localhost:8080/logout,4,0,0
1619510529672,4,HTTP Request update,200,OK,users 1-3,,true,,157,490,4,4,http://localhost:8080/update,4,0,0
1619510529671,7,HTTP Request login,200,OK,users 1-4,,true,,146,220,3,3,http://localhost:8080/login,7,0,0
1619510529677,2,HTTP Request logout,200,OK,users 1-3,,true,,147,125,3,3,http://localhost:8080/logout,2,0,0
1619510529675,6,HTTP Request applyLoan,200,OK,users 1-2,,true,,153,317,2,2,http://localhost:8080/applyLoan,5,0,0
1619510529679,3,HTTP Request applyLoan,200,OK,users 1-4,,true,,153,317,2,2,http://localhost:8080/applyLoan,3,0,0
1619510529681,2,HTTP Request update,200,OK,users 1-2,,true,,157,490,2,2,http://localhost:8080/update,2,0,0
1619510529682,2,HTTP Request update,200,OK,users 1-4,,true,,157,490,2,2,http://localhost:8080/update,2,0,0
1619510529683,1,HTTP Request logout,200,OK,users 1-2,,true,,147,125,2,2,http://localhost:8080/logout,1,0,0
1619510529684,1,HTTP Request logout,200,OK,users 1-4,,true,,147,125,1,1,http://localhost:8080/logout,1,0,0
1619510529686,2,HTTP Request register,200,OK,users 1-4,,true,,153,493,1,1,http://localhost:8080/register,2,0,0
1619510529688,3,HTTP Request login,200,OK,users 1-4,,true,,146,220,1,1,http://localhost:8080/login,3,0,0
1619510529691,1,HTTP Request applyLoan,200,OK,users 1-4,,true,,153,317,1,1,http://localhost:8080/applyLoan,1,0,0
1619510529693,1,HTTP Request update,200,OK,users 1-4,,true,,157,490,1,1,http://localhost:8080/update,1,0,0
1619510529694,1,HTTP Request logout,200,OK,users 1-4,,true,,147,125,1,1,http://localhost:8080/logout,1,0,0
1619510529696,2,HTTP Request register,200,OK,users 1-4,,true,,153,493,1,1,http://localhost:8080/register,2,0,0
1619510529699,2,HTTP Request login,200,OK,users 1-4,,true,,146,220,1,1,http://localhost:8080/login,2,0,0
1619510529701,2,HTTP Request applyLoan,200,OK,users 1-4,,true,,153,317,1,1,http://localhost:8080/applyLoan,2,0,0
1619510529703,2,HTTP Request update,200,OK,users 1-4,,true,,157,490,1,1,http://localhost:8080/update,2,0,0
1619510529705,1,HTTP Request logout,200,OK,users 1-4,,true,,147,125,1,1,http://localhost:8080/logout,1,0,0
1619510529723,3,HTTP Request register,200,OK,users 1-5,,true,,153,493,1,1,http://localhost:8080/register,3,0,0
1619510529726,2,HTTP Request login,200,OK,users 1-5,,true,,146,220,1,1,http://localhost:8080/login,2,0,0
1619510529729,1,HTTP Request applyLoan,200,OK,users 1-5,,true,,153,317,1,1,http://localhost:8080/applyLoan,1,0,0
1619510529730,2,HTTP Request update,200,OK,users 1-5,,true,,157,490,1,1,http://localhost:8080/update,2,0,0
1619510529732,2,HTTP Request logout,200,OK,users 1-5,,true,,147,125,1,1,http://localhost:8080/logout,2,0,0
1619510529734,3,HTTP Request register,200,OK,users 1-5,,true,,153,493,1,1,http://localhost:8080/register,3,0,0
1619510529737,3,HTTP Request login,200,OK,users 1-5,,true,,146,220,1,1,http://localhost:8080/login,3,0,0
1619510529740,1,HTTP Request applyLoan,200,OK,users 1-5,,true,,153,317,1,1,http://localhost:8080/applyLoan,1,0,0
1619510529741,2,HTTP Request update,200,OK,users 1-5,,true,,157,490,1,1,http://localhost:8080/update,2,0,0
1619510529743,1,HTTP Request logout,200,OK,users 1-5,,true,,147,125,1,1,http://localhost:8080/logout,1,0,0
1619510529744,3,HTTP Request register,200,OK,users 1-5,,true,,153,493,1,1,http://localhost:8080/register,3,0,0
1619510529747,2,HTTP Request login,200,OK,users 1-5,,true,,146,220,1,1,http://localhost:8080/login,2,0,0
1619510529750,1,HTTP Request applyLoan,200,OK,users 1-5,,true,,153,317,1,1,http://localhost:8080/applyLoan,1,0,0
1619510529751,1,HTTP Request update,200,OK,users 1-5,,true,,157,490,1,1,http://localhost:8080/update,1,0,0
1619510529753,1,HTTP Request logout,200,OK,users 1-5,,true,,147,125,1,1,http://localhost:8080/logout,1,0,0
1619510529783,3,HTTP Request register,200,OK,users 1-6,,true,,153,493,1,1,http://localhost:8080/register,3,0,0
1619510529786,3,HTTP Request login,200,OK,users 1-6,,true,,146,220,1,1,http://localhost:8080/login,2,0,0
1619510529789,1,HTTP Request applyLoan,200,OK,users 1-6,,true,,153,317,1,1,http://localhost:8080/applyLoan,1,0,0
1619510529790,1,HTTP Request update,200,OK,users 1-6,,true,,157,490,1,1,http://localhost:8080/update,1,0,0
1619510529791,2,HTTP Request logout,200,OK,users 1-6,,true,,147,125,1,1,http://localhost:8080/logout,2,0,0
1619510529793,2,HTTP Request register,200,OK,users 1-6,,true,,153,493,1,1,http://localhost:8080/register,2,0,0
1619510529796,2,HTTP Request login,200,OK,users 1-6,,true,,146,220,1,1,http://localhost:8080/login,2,0,0
1619510529799,1,HTTP Request applyLoan,200,OK,users 1-6,,true,,153,317,1,1,http://localhost:8080/applyLoan,1,0,0
1619510529800,1,HTTP Request update,200,OK,users 1-6,,true,,157,490,1,1,http://localhost:8080/update,1,0,0
1619510529801,2,HTTP Request logout,200,OK,users 1-6,,true,,147,125,1,1,http://localhost:8080/logout,1,0,0
1619510529803,2,HTTP Request register,200,OK,users 1-6,,true,,153,493,1,1,http://localhost:8080/register,2,0,0
1619510529805,3,HTTP Request login,200,OK,users 1-6,,true,,146,220,1,1,http://localhost:8080/login,3,0,0
1619510529808,1,HTTP Request applyLoan,200,OK,users 1-6,,true,,153,317,1,1,http://localhost:8080/applyLoan,1,0,0
1619510529809,1,HTTP Request update,200,OK,users 1-6,,true,,157,490,1,1,http://localhost:8080/update,1,0,0
1619510529810,1,HTTP Request logout,200,OK,users 1-6,,true,,147,125,1,1,http://localhost:8080/logout,1,0,0
1619510529842,4,HTTP Request register,200,OK,users 1-7,,true,,153,493,1,1,http://localhost:8080/register,4,0,0
1619510529846,2,HTTP Request login,200,OK,users 1-7,,true,,146,220,1,1,http://localhost:8080/login,2,0,0
1619510529848,2,HTTP Request applyLoan,200,OK,users 1-7,,true,,153,317,1,1,http://localhost:8080/applyLoan,1,0,0
1619510529850,1,HTTP Request update,200,OK,users 1-7,,true,,157,490,1,1,http://localhost:8080/update,1,0,0
1619510529851,1,HTTP Request logout,200,OK,users 1-7,,true,,147,125,1,1,http://localhost:8080/logout,1,0,0
1619510529853,2,HTTP Request register,200,OK,users 1-7,,true,,153,493,1,1,http://localhost:8080/register,2,0,0
1619510529855,3,HTTP Request login,200,OK,users 1-7,,true,,146,220,1,1,http://localhost:8080/login,3,0,0
1619510529858,1,HTTP Request applyLoan,200,OK,users 1-7,,true,,153,317,1,1,http://localhost:8080/applyLoan,1,0,0
1619510529859,1,HTTP Request update,200,OK,users 1-7,,true,,157,490,1,1,http://localhost:8080/update,1,0,0
1619510529861,1,HTTP Request logout,200,OK,users 1-7,,true,,147,125,1,1,http://localhost:8080/logout,1,0,0
1619510529862,2,HTTP Request register,200,OK,users 1-7,,true,,153,493,1,1,http://localhost:8080/register,2,0,0
1619510529864,3,HTTP Request login,200,OK,users 1-7,,true,,146,220,1,1,http://localhost:8080/login,3,0,0
1619510529867,1,HTTP Request applyLoan,200,OK,users 1-7,,true,,153,317,1,1,http://localhost:8080/applyLoan,1,0,0
1619510529868,1,HTTP Request update,200,OK,users 1-7,,true,,157,490,1,1,http://localhost:8080/update,1,0,0
1619510529869,1,HTTP Request logout,200,OK,users 1-7,,true,,147,125,1,1,http://localhost:8080/logout,1,0,0
1619510529902,3,HTTP Request register,200,OK,users 1-8,,true,,153,493,1,1,http://localhost:8080/register,3,0,0
1619510529905,3,HTTP Request login,200,OK,users 1-8,,true,,146,220,1,1,http://localhost:8080/login,3,0,0
1619510529908,1,HTTP Request applyLoan,200,OK,users 1-8,,true,,153,317,1,1,http://localhost:8080/applyLoan,1,0,0
1619510529909,2,HTTP Request update,200,OK,users 1-8,,true,,157,490,1,1,http://localhost:8080/update,2,0,0
1619510529911,1,HTTP Request logout,200,OK,users 1-8,,true,,147,125,1,1,http://localhost:8080/logout,1,0,0
1619510529912,2,HTTP Request register,200,OK,users 1-8,,true,,153,493,1,1,http://localhost:8080/register,2,0,0
1619510529915,2,HTTP Request login,200,OK,users 1-8,,true,,146,220,1,1,http://localhost:8080/login,2,0,0
1619510529917,2,HTTP Request applyLoan,200,OK,users 1-8,,true,,153,317,1,1,http://localhost:8080/applyLoan,2,0,0
1619510529919,1,HTTP Request update,200,OK,users 1-8,,true,,157,490,1,1,http://localhost:8080/update,1,0,0
1619510529920,1,HTTP Request logout,200,OK,users 1-8,,true,,147,125,1,1,http://localhost:8080/logout,1,0,0
1619510529921,3,HTTP Request register,200,OK,users 1-8,,true,,153,493,1,1,http://localhost:8080/register,3,0,0
1619510529924,2,HTTP Request login,200,OK,users 1-8,,true,,146,220,1,1,http://localhost:8080/login,2,0,0
1619510529927,1,HTTP Request applyLoan,200,OK,users 1-8,,true,,153,317,1,1,http://localhost:8080/applyLoan,1,0,0
1619510529928,1,HTTP Request update,200,OK,users 1-8,,true,,157,490,1,1,http://localhost:8080/update,1,0,0
1619510529929,1,HTTP Request logout,200,OK,users 1-8,,true,,147,125,1,1,http://localhost:8080/logout,1,0,0
1619510529961,3,HTTP Request register,200,OK,users 1-9,,true,,153,493,1,1,http://localhost:8080/register,3,0,1
1619510529965,2,HTTP Request login,200,OK,users 1-9,,true,,146,220,1,1,http://localhost:8080/login,2,0,0
1619510529968,1,HTTP Request applyLoan,200,OK,users 1-9,,true,,153,317,1,1,http://localhost:8080/applyLoan,1,0,0
1619510529969,2,HTTP Request update,200,OK,users 1-9,,true,,157,490,1,1,http://localhost:8080/update,2,0,0
1619510529971,1,HTTP Request logout,200,OK,users 1-9,,true,,147,125,1,1,http://localhost:8080/logout,1,0,0
1619510529972,3,HTTP Request register,200,OK,users 1-9,,true,,153,493,1,1,http://localhost:8080/register,3,0,0
1619510529975,2,HTTP Request login,200,OK,users 1-9,,true,,146,220,1,1,http://localhost:8080/login,2,0,0
1619510529978,1,HTTP Request applyLoan,200,OK,users 1-9,,true,,153,317,1,1,http://localhost:8080/applyLoan,1,0,0
1619510529980,1,HTTP Request update,200,OK,users 1-9,,true,,157,490,1,1,http://localhost:8080/update,1,0,0
1619510529981,2,HTTP Request logout,200,OK,users 1-9,,true,,147,125,1,1,http://localhost:8080/logout,1,0,0
1619510529983,2,HTTP Request register,200,OK,users 1-9,,true,,153,493,1,1,http://localhost:8080/register,2,0,0
1619510529985,3,HTTP Request login,200,OK,users 1-9,,true,,146,220,1,1,http://localhost:8080/login,3,0,0
1619510529988,1,HTTP Request applyLoan,200,OK,users 1-9,,true,,153,317,1,1,http://localhost:8080/applyLoan,1,0,0
1619510529990,1,HTTP Request update,200,OK,users 1-9,,true,,157,490,1,1,http://localhost:8080/update,1,0,0
1619510529991,1,HTTP Request logout,200,OK,users 1-9,,true,,147,125,1,1,http://localhost:8080/logout,1,0,0
1619510530021,3,HTTP Request register,200,OK,users 1-10,,true,,153,493,1,1,http://localhost:8080/register,3,0,1
1619510530024,2,HTTP Request login,200,OK,users 1-10,,true,,146,220,1,1,http://localhost:8080/login,2,0,0
1619510530027,1,HTTP Request applyLoan,200,OK,users 1-10,,true,,153,317,1,1,http://localhost:8080/applyLoan,0,0,0
1619510530028,1,HTTP Request update,200,OK,users 1-10,,true,,157,490,1,1,http://localhost:8080/update,1,0,0
1619510530029,1,HTTP Request logout,200,OK,users 1-10,,true,,147,125,1,1,http://localhost:8080/logout,1,0,0
1619510530030,2,HTTP Request register,200,OK,users 1-10,,true,,153,493,1,1,http://localhost:8080/register,2,0,0
1619510530033,2,HTTP Request login,200,OK,users 1-10,,true,,146,220,1,1,http://localhost:8080/login,2,0,0
1619510530035,1,HTTP Request applyLoan,200,OK,users 1-10,,true,,153,317,1,1,http://localhost:8080/applyLoan,1,0,0
1619510530036,1,HTTP Request update,200,OK,users 1-10,,true,,157,490,1,1,http://localhost:8080/update,1,0,0
1619510530037,1,HTTP Request logout,200,OK,users 1-10,,true,,147,125,1,1,http://localhost:8080/logout,1,0,0
1619510530038,3,HTTP Request register,200,OK,users 1-10,,true,,153,493,1,1,http://localhost:8080/register,3,0,0
1619510530041,3,HTTP Request login,200,OK,users 1-10,,true,,146,220,1,1,http://localhost:8080/login,2,0,0
1619510530044,1,HTTP Request applyLoan,200,OK,users 1-10,,true,,153,317,1,1,http://localhost:8080/applyLoan,1,0,0
1619510530045,1,HTTP Request update,200,OK,users 1-10,,true,,157,490,1,1,http://localhost:8080/update,1,0,0
1619510530046,1,HTTP Request logout,200,OK,users 1-10,,true,,147,125,1,1,http://localhost:8080/logout,1,0,0
1619510530081,3,HTTP Request register,200,OK,users 1-11,,true,,153,493,1,1,http://localhost:8080/register,3,0,1
1619510530085,2,HTTP Request login,200,OK,users 1-11,,true,,146,220,1,1,http://localhost:8080/login,2,0,0
1619510530087,1,HTTP Request applyLoan,200,OK,users 1-11,,true,,153,317,1,1,http://localhost:8080/applyLoan,1,0,0
1619510530088,1,HTTP Request update,200,OK,users 1-11,,true,,157,490,1,1,http://localhost:8080/update,1,0,0
1619510530089,1,HTTP Request logout,200,OK,users 1-11,,true,,147,125,1,1,http://localhost:8080/logout,1,0,0
1619510530091,2,HTTP Request register,200,OK,users 1-11,,true,,153,493,1,1,http://localhost:8080/register,2,0,0
1619510530093,2,HTTP Request login,200,OK,users 1-11,,true,,146,220,1,1,http://localhost:8080/login,2,0,0
1619510530095,2,HTTP Request applyLoan,200,OK,users 1-11,,true,,153,317,1,1,http://localhost:8080/applyLoan,2,0,0
1619510530097,1,HTTP Request update,200,OK,users 1-11,,true,,157,490,1,1,http://localhost:8080/update,1,0,0
1619510530098,1,HTTP Request logout,200,OK,users 1-11,,true,,147,125,1,1,http://localhost:8080/logout,1,0,0
1619510530099,3,HTTP Request register,200,OK,users 1-11,,true,,153,493,1,1,http://localhost:8080/register,3,0,0
1619510530102,2,HTTP Request login,200,OK,users 1-11,,true,,146,220,1,1,http://localhost:8080/login,2,0,0
1619510530105,1,HTTP Request applyLoan,200,OK,users 1-11,,true,,153,317,1,1,http://localhost:8080/applyLoan,1,0,0
1619510530106,1,HTTP Request update,200,OK,users 1-11,,true,,157,490,1,1,http://localhost:8080/update,1,0,0
1619510530107,1,HTTP Request logout,200,OK,users 1-11,,true,,147,125,1,1,http://localhost:8080/logout,1,0,0
1619510530141,4,HTTP Request register,200,OK,users 1-12,,true,,153,493,1,1,http://localhost:8080/register,4,0,1
1619510530145,2,HTTP Request login,200,OK,users 1-12,,true,,146,220,1,1,http://localhost:8080/login,2,0,0
1619510530147,1,HTTP Request applyLoan,200,OK,users 1-12,,true,,153,317,1,1,http://localhost:8080/applyLoan,1,0,0
1619510530148,1,HTTP Request update,200,OK,users 1-12,,true,,157,490,1,1,http://localhost:8080/update,1,0,0
1619510530150,1,HTTP Request logout,200,OK,users 1-12,,true,,147,125,1,1,http://localhost:8080/logout,1,0,0
1619510530151,2,HTTP Request register,200,OK,users 1-12,,true,,153,493,1,1,http://localhost:8080/register,2,0,0
1619510530153,2,HTTP Request login,200,OK,users 1-12,,true,,146,220,1,1,http://localhost:8080/login,2,0,0
1619510530156,1,HTTP Request applyLoan,200,OK,users 1-12,,true,,153,317,1,1,http://localhost:8080/applyLoan,1,0,0
1619510530157,1,HTTP Request update,200,OK,users 1-12,,true,,157,490,1,1,http://localhost:8080/update,1,0,0
1619510530158,1,HTTP Request logout,200,OK,users 1-12,,true,,147,125,1,1,http://localhost:8080/logout,1,0,0
1619510530159,2,HTTP Request register,200,OK,users 1-12,,true,,153,493,1,1,http://localhost:8080/register,2,0,0
1619510530162,2,HTTP Request login,200,OK,users 1-12,,true,,146,220,1,1,http://localhost:8080/login,2,0,0
1619510530164,1,HTTP Request applyLoan,200,OK,users 1-12,,true,,153,317,1,1,http://localhost:8080/applyLoan,1,0,0
1619510530165,1,HTTP Request update,200,OK,users 1-12,,true,,157,490,1,1,http://localhost:8080/update,1,0,0
1619510530166,1,HTTP Request logout,200,OK,users 1-12,,true,,147,125,1,1,http://localhost:8080/logout,1,0,0
1619510530205,8,HTTP Request register,200,OK,users 1-13,,true,,153,493,1,1,http://localhost:8080/register,8,0,2
1619510530214,6,HTTP Request login,200,OK,users 1-13,,true,,146,220,1,1,http://localhost:8080/login,6,0,0
1619510530221,3,HTTP Request applyLoan,200,OK,users 1-13,,true,,153,317,1,1,http://localhost:8080/applyLoan,3,0,0
1619510530224,4,HTTP Request update,200,OK,users 1-13,,true,,157,490,1,1,http://localhost:8080/update,4,0,0
1619510530229,2,HTTP Request logout,200,OK,users 1-13,,true,,147,125,1,1,http://localhost:8080/logout,2,0,0
1619510530232,4,HTTP Request register,200,OK,users 1-13,,true,,153,493,1,1,http://localhost:8080/register,4,0,0
1619510530237,3,HTTP Request login,200,OK,users 1-13,,true,,146,220,1,1,http://localhost:8080/login,3,0,0
1619510530240,2,HTTP Request applyLoan,200,OK,users 1-13,,true,,153,317,1,1,http://localhost:8080/applyLoan,2,0,0
1619510530242,2,HTTP Request update,200,OK,users 1-13,,true,,157,490,1,1,http://localhost:8080/update,2,0,0
1619510530244,1,HTTP Request logout,200,OK,users 1-13,,true,,147,125,1,1,http://localhost:8080/logout,1,0,0
1619510530246,2,HTTP Request register,200,OK,users 1-13,,true,,153,493,1,1,http://localhost:8080/register,2,0,0
1619510530249,3,HTTP Request login,200,OK,users 1-13,,true,,146,220,1,1,http://localhost:8080/login,3,0,0
1619510530252,1,HTTP Request applyLoan,200,OK,users 1-13,,true,,153,317,1,1,http://localhost:8080/applyLoan,1,0,0
1619510530254,1,HTTP Request update,200,OK,users 1-13,,true,,157,490,1,1,http://localhost:8080/update,1,0,0
1619510530255,1,HTTP Request logout,200,OK,users 1-13,,true,,147,125,1,1,http://localhost:8080/logout,1,0,0
1619510530262,3,HTTP Request register,200,OK,users 1-14,,true,,153,493,1,1,http://localhost:8080/register,3,0,1
1619510530266,3,HTTP Request login,200,OK,users 1-14,,true,,146,220,1,1,http://localhost:8080/login,3,0,0
1619510530270,1,HTTP Request applyLoan,200,OK,users 1-14,,true,,153,317,1,1,http://localhost:8080/applyLoan,1,0,0
1619510530271,1,HTTP Request update,200,OK,users 1-14,,true,,157,490,1,1,http://localhost:8080/update,1,0,0
1619510530272,1,HTTP Request logout,200,OK,users 1-14,,true,,147,125,1,1,http://localhost:8080/logout,1,0,0
1619510530274,2,HTTP Request register,200,OK,users 1-14,,true,,153,493,1,1,http://localhost:8080/register,2,0,0
1619510530276,2,HTTP Request login,200,OK,users 1-14,,true,,146,220,1,1,http://localhost:8080/login,2,0,0
1619510530278,1,HTTP Request applyLoan,200,OK,users 1-14,,true,,153,317,1,1,http://localhost:8080/applyLoan,1,0,0
1619510530279,1,HTTP Request update,200,OK,users 1-14,,true,,157,490,1,1,http://localhost:8080/update,1,0,0
1619510530281,1,HTTP Request logout,200,OK,users 1-14,,true,,147,125,1,1,http://localhost:8080/logout,1,0,0
1619510530282,3,HTTP Request register,200,OK,users 1-14,,true,,153,493,1,1,http://localhost:8080/register,2,0,0
1619510530285,2,HTTP Request login,200,OK,users 1-14,,true,,146,220,1,1,http://localhost:8080/login,2,0,0
1619510530287,1,HTTP Request applyLoan,200,OK,users 1-14,,true,,153,317,1,1,http://localhost:8080/applyLoan,1,0,0
1619510530289,1,HTTP Request update,200,OK,users 1-14,,true,,157,490,1,1,http://localhost:8080/update,1,0,0
1619510530290,1,HTTP Request logout,200,OK,users 1-14,,true,,147,125,1,1,http://localhost:8080/logout,1,0,0
1619510530321,3,HTTP Request register,200,OK,users 1-15,,true,,153,493,1,1,http://localhost:8080/register,3,0,1
1619510530324,3,HTTP Request login,200,OK,users 1-15,,true,,146,220,1,1,http://localhost:8080/login,3,0,0
1619510530328,1,HTTP Request applyLoan,200,OK,users 1-15,,true,,153,317,1,1,http://localhost:8080/applyLoan,1,0,0
1619510530330,2,HTTP Request update,200,OK,users 1-15,,true,,157,490,1,1,http://localhost:8080/update,2,0,0
1619510530332,2,HTTP Request logout,200,OK,users 1-15,,true,,147,125,1,1,http://localhost:8080/logout,2,0,0
1619510530334,4,HTTP Request register,200,OK,users 1-15,,true,,153,493,1,1,http://localhost:8080/register,4,0,0
1619510530338,3,HTTP Request login,200,OK,users 1-15,,true,,146,220,1,1,http://localhost:8080/login,3,0,0
1619510530341,2,HTTP Request applyLoan,200,OK,users 1-15,,true,,153,317,1,1,http://localhost:8080/applyLoan,2,0,0
1619510530343,2,HTTP Request update,200,OK,users 1-15,,true,,157,490,1,1,http://localhost:8080/update,2,0,0
1619510530345,2,HTTP Request logout,200,OK,users 1-15,,true,,147,125,1,1,http://localhost:8080/logout,2,0,0
1619510530347,4,HTTP Request register,200,OK,users 1-15,,true,,153,493,1,1,http://localhost:8080/register,4,0,0
1619510530351,2,HTTP Request login,200,OK,users 1-15,,true,,146,220,1,1,http://localhost:8080/login,2,0,0
1619510530354,1,HTTP Request applyLoan,200,OK,users 1-15,,true,,153,317,1,1,http://localhost:8080/applyLoan,1,0,0
1619510530355,1,HTTP Request update,200,OK,users 1-15,,true,,157,490,1,1,http://localhost:8080/update,1,0,0
1619510530356,2,HTTP Request logout,200,OK,users 1-15,,true,,147,125,1,1,http://localhost:8080/logout,2,0,0
1619510530380,4,HTTP Request register,200,OK,users 1-16,,true,,153,493,1,1,http://localhost:8080/register,4,0,1
1619510530384,2,HTTP Request login,200,OK,users 1-16,,true,,146,220,1,1,http://localhost:8080/login,2,0,0
1619510530387,1,HTTP Request applyLoan,200,OK,users 1-16,,true,,153,317,1,1,http://localhost:8080/applyLoan,1,0,0
1619510530388,1,HTTP Request update,200,OK,users 1-16,,true,,157,490,1,1,http://localhost:8080/update,1,0,0
1619510530390,1,HTTP Request logout,200,OK,users 1-16,,true,,147,125,1,1,http://localhost:8080/logout,1,0,0
1619510530391,2,HTTP Request register,200,OK,users 1-16,,true,,153,493,1,1,http://localhost:8080/register,2,0,0
1619510530394,2,HTTP Request login,200,OK,users 1-16,,true,,146,220,1,1,http://localhost:8080/login,2,0,0
1619510530396,1,HTTP Request applyLoan,200,OK,users 1-16,,true,,153,317,1,1,http://localhost:8080/applyLoan,1,0,0
1619510530398,1,HTTP Request update,200,OK,users 1-16,,true,,157,490,1,1,http://localhost:8080/update,1,0,0
1619510530399,1,HTTP Request logout,200,OK,users 1-16,,true,,147,125,1,1,http://localhost:8080/logout,1,0,0
1619510530401,2,HTTP Request register,200,OK,users 1-16,,true,,153,493,1,1,http://localhost:8080/register,2,0,0
1619510530403,2,HTTP Request login,200,OK,users 1-16,,true,,146,220,1,1,http://localhost:8080/login,2,0,0
1619510530405,1,HTTP Request applyLoan,200,OK,users 1-16,,true,,153,317,1,1,http://localhost:8080/applyLoan,1,0,0
1619510530406,1,HTTP Request update,200,OK,users 1-16,,true,,157,490,1,1,http://localhost:8080/update,1,0,0
1619510530408,0,HTTP Request logout,200,OK,users 1-16,,true,,147,125,1,1,http://localhost:8080/logout,0,0,0
1619510530441,3,HTTP Request register,200,OK,users 1-17,,true,,153,493,1,1,http://localhost:8080/register,3,0,0
1619510530444,2,HTTP Request login,200,OK,users 1-17,,true,,146,220,1,1,http://localhost:8080/login,2,0,0
1619510530446,1,HTTP Request applyLoan,200,OK,users 1-17,,true,,153,317,1,1,http://localhost:8080/applyLoan,1,0,0
1619510530448,1,HTTP Request update,200,OK,users 1-17,,true,,157,490,1,1,http://localhost:8080/update,1,0,0
1619510530449,1,HTTP Request logout,200,OK,users 1-17,,true,,147,125,1,1,http://localhost:8080/logout,1,0,0
1619510530450,2,HTTP Request register,200,OK,users 1-17,,true,,153,493,1,1,http://localhost:8080/register,2,0,0
1619510530453,2,HTTP Request login,200,OK,users 1-17,,true,,146,220,1,1,http://localhost:8080/login,2,0,0
1619510530455,1,HTTP Request applyLoan,200,OK,users 1-17,,true,,153,317,1,1,http://localhost:8080/applyLoan,1,0,0
1619510530456,1,HTTP Request update,200,OK,users 1-17,,true,,157,490,1,1,http://localhost:8080/update,1,0,0
1619510530457,1,HTTP Request logout,200,OK,users 1-17,,true,,147,125,1,1,http://localhost:8080/logout,1,0,0
1619510530458,2,HTTP Request register,200,OK,users 1-17,,true,,153,493,1,1,http://localhost:8080/register,2,0,0
1619510530461,2,HTTP Request login,200,OK,users 1-17,,true,,146,220,1,1,http://localhost:8080/login,2,0,0
1619510530463,1,HTTP Request applyLoan,200,OK,users 1-17,,true,,153,317,1,1,http://localhost:8080/applyLoan,1,0,0
1619510530464,2,HTTP Request update,200,OK,users 1-17,,true,,157,490,1,1,http://localhost:8080/update,2,0,0
1619510530466,1,HTTP Request logout,200,OK,users 1-17,,true,,147,125,1,1,http://localhost:8080/logout,1,0,0
1619510530501,3,HTTP Request register,200,OK,users 1-18,,true,,153,493,1,1,http://localhost:8080/register,3,0,1
1619510530505,2,HTTP Request login,200,OK,users 1-18,,true,,146,220,1,1,http://localhost:8080/login,2,0,0
1619510530507,2,HTTP Request applyLoan,200,OK,users 1-18,,true,,153,317,1,1,http://localhost:8080/applyLoan,1,0,0
1619510530509,1,HTTP Request update,200,OK,users 1-18,,true,,157,490,1,1,http://localhost:8080/update,1,0,0
1619510530510,1,HTTP Request logout,200,OK,users 1-18,,true,,147,125,1,1,http://localhost:8080/logout,1,0,0
1619510530511,2,HTTP Request register,200,OK,users 1-18,,true,,153,493,1,1,http://localhost:8080/register,2,0,0
1619510530513,3,HTTP Request login,200,OK,users 1-18,,true,,146,220,1,1,http://localhost:8080/login,2,0,0
1619510530516,1,HTTP Request applyLoan,200,OK,users 1-18,,true,,153,317,1,1,http://localhost:8080/applyLoan,1,0,0
1619510530517,1,HTTP Request update,200,OK,users 1-18,,true,,157,490,1,1,http://localhost:8080/update,1,0,0
1619510530518,1,HTTP Request logout,200,OK,users 1-18,,true,,147,125,1,1,http://localhost:8080/logout,1,0,0
1619510530519,2,HTTP Request register,200,OK,users 1-18,,true,,153,493,1,1,http://localhost:8080/register,2,0,0
1619510530521,2,HTTP Request login,200,OK,users 1-18,,true,,146,220,1,1,http://localhost:8080/login,2,0,0
1619510530524,0,HTTP Request applyLoan,200,OK,users 1-18,,true,,153,317,1,1,http://localhost:8080/applyLoan,0,0,0
1619510530525,0,HTTP Request update,200,OK,users 1-18,,true,,157,490,1,1,http://localhost:8080/update,0,0,0
1619510530526,0,HTTP Request logout,200,OK,users 1-18,,true,,147,125,1,1,http://localhost:8080/logout,0,0,0
1619510530560,4,HTTP Request register,200,OK,users 1-19,,true,,153,493,1,1,http://localhost:8080/register,4,0,1
1619510530564,2,HTTP Request login,200,OK,users 1-19,,true,,146,220,1,1,http://localhost:8080/login,2,0,0
1619510530566,1,HTTP Request applyLoan,200,OK,users 1-19,,true,,153,317,1,1,http://localhost:8080/applyLoan,1,0,0
1619510530568,0,HTTP Request update,200,OK,users 1-19,,true,,157,490,1,1,http://localhost:8080/update,0,0,0
1619510530569,0,HTTP Request logout,200,OK,users 1-19,,true,,147,125,1,1,http://localhost:8080/logout,0,0,0
1619510530570,2,HTTP Request register,200,OK,users 1-19,,true,,153,493,1,1,http://localhost:8080/register,2,0,0
1619510530572,2,HTTP Request login,200,OK,users 1-19,,true,,146,220,1,1,http://localhost:8080/login,2,0,0
1619510530574,1,HTTP Request applyLoan,200,OK,users 1-19,,true,,153,317,1,1,http://localhost:8080/applyLoan,1,0,0
1619510530575,1,HTTP Request update,200,OK,users 1-19,,true,,157,490,1,1,http://localhost:8080/update,1,0,0
1619510530576,1,HTTP Request logout,200,OK,users 1-19,,true,,147,125,1,1,http://localhost:8080/logout,1,0,0
1619510530577,3,HTTP Request register,200,OK,users 1-19,,true,,153,493,1,1,http://localhost:8080/register,2,0,0
1619510530580,2,HTTP Request login,200,OK,users 1-19,,true,,146,220,1,1,http://localhost:8080/login,2,0,0
1619510530582,1,HTTP Request applyLoan,200,OK,users 1-19,,true,,153,317,1,1,http://localhost:8080/applyLoan,1,0,0
1619510530583,1,HTTP Request update,200,OK,users 1-19,,true,,157,490,1,1,http://localhost:8080/update,1,0,0
1619510530585,1,HTTP Request logout,200,OK,users 1-19,,true,,147,125,1,1,http://localhost:8080/logout,1,0,0
1619510530621,3,HTTP Request register,200,OK,users 1-20,,true,,153,493,1,1,http://localhost:8080/register,3,0,1
1619510530624,2,HTTP Request login,200,OK,users 1-20,,true,,146,220,1,1,http://localhost:8080/login,2,0,0
1619510530627,1,HTTP Request applyLoan,200,OK,users 1-20,,true,,153,317,1,1,http://localhost:8080/applyLoan,1,0,0
1619510530628,1,HTTP Request update,200,OK,users 1-20,,true,,157,490,1,1,http://localhost:8080/update,1,0,0
1619510530629,1,HTTP Request logout,200,OK,users 1-20,,true,,147,125,1,1,http://localhost:8080/logout,1,0,0
1619510530630,2,HTTP Request register,200,OK,users 1-20,,true,,153,493,1,1,http://localhost:8080/register,2,0,0
1619510530632,2,HTTP Request login,200,OK,users 1-20,,true,,146,220,1,1,http://localhost:8080/login,2,0,0
1619510530634,1,HTTP Request applyLoan,200,OK,users 1-20,,true,,153,317,1,1,http://localhost:8080/applyLoan,1,0,0
1619510530635,1,HTTP Request update,200,OK,users 1-20,,true,,157,490,1,1,http://localhost:8080/update,1,0,0
1619510530636,1,HTTP Request logout,200,OK,users 1-20,,true,,147,125,1,1,http://localhost:8080/logout,1,0,0
1619510530637,3,HTTP Request register,200,OK,users 1-20,,true,,153,493,1,1,http://localhost:8080/register,2,0,0
1619510530640,2,HTTP Request login,200,OK,users 1-20,,true,,146,220,1,1,http://localhost:8080/login,2,0,0
1619510530642,1,HTTP Request applyLoan,200,OK,users 1-20,,true,,153,317,1,1,http://localhost:8080/applyLoan,1,0,0
1619510530643,1,HTTP Request update,200,OK,users 1-20,,true,,157,490,1,1,http://localhost:8080/update,1,0,0
1619510530644,1,HTTP Request logout,200,OK,users 1-20,,true,,147,125,1,1,http://localhost:8080/logout,1,0,0
1619510530682,9,HTTP Request register,200,OK,users 1-21,,true,,153,493,1,1,http://localhost:8080/register,9,0,1
1619510530692,5,HTTP Request login,200,OK,users 1-21,,true,,146,220,1,1,http://localhost:8080/login,4,0,0
1619510530697,2,HTTP Request applyLoan,200,OK,users 1-21,,true,,153,317,1,1,http://localhost:8080/applyLoan,2,0,0
1619510530700,2,HTTP Request update,200,OK,users 1-21,,true,,157,490,1,1,http://localhost:8080/update,2,0,0
1619510530702,2,HTTP Request logout,200,OK,users 1-21,,true,,147,125,1,1,http://localhost:8080/logout,2,0,0
1619510530704,3,HTTP Request register,200,OK,users 1-21,,true,,153,493,1,1,http://localhost:8080/register,3,0,0
1619510530708,2,HTTP Request login,200,OK,users 1-21,,true,,146,220,1,1,http://localhost:8080/login,2,0,0
1619510530711,1,HTTP Request applyLoan,200,OK,users 1-21,,true,,153,317,1,1,http://localhost:8080/applyLoan,1,0,0
1619510530712,1,HTTP Request update,200,OK,users 1-21,,true,,157,490,1,1,http://localhost:8080/update,1,0,0
1619510530714,1,HTTP Request logout,200,OK,users 1-21,,true,,147,125,1,1,http://localhost:8080/logout,1,0,0
1619510530715,3,HTTP Request register,200,OK,users 1-21,,true,,153,493,1,1,http://localhost:8080/register,3,0,0
1619510530718,2,HTTP Request login,200,OK,users 1-21,,true,,146,220,1,1,http://localhost:8080/login,2,0,0
1619510530720,1,HTTP Request applyLoan,200,OK,users 1-21,,true,,153,317,1,1,http://localhost:8080/applyLoan,1,0,0
1619510530722,1,HTTP Request update,200,OK,users 1-21,,true,,157,490,1,1,http://localhost:8080/update,1,0,0
1619510530723,1,HTTP Request logout,200,OK,users 1-21,,true,,147,125,1,1,http://localhost:8080/logout,1,0,0
1619510530740,4,HTTP Request register,200,OK,users 1-22,,true,,153,493,1,1,http://localhost:8080/register,4,0,1
1619510530744,2,HTTP Request login,200,OK,users 1-22,,true,,146,220,1,1,http://localhost:8080/login,2,0,0
1619510530747,1,HTTP Request applyLoan,200,OK,users 1-22,,true,,153,317,1,1,http://localhost:8080/applyLoan,1,0,0
1619510530748,2,HTTP Request update,200,OK,users 1-22,,true,,157,490,1,1,http://localhost:8080/update,1,0,0
1619510530750,1,HTTP Request logout,200,OK,users 1-22,,true,,147,125,1,1,http://localhost:8080/logout,1,0,0
1619510530751,3,HTTP Request register,200,OK,users 1-22,,true,,153,493,1,1,http://localhost:8080/register,3,0,0
1619510530754,2,HTTP Request login,200,OK,users 1-22,,true,,146,220,1,1,http://localhost:8080/login,2,0,0
1619510530757,1,HTTP Request applyLoan,200,OK,users 1-22,,true,,153,317,1,1,http://localhost:8080/applyLoan,1,0,0
1619510530758,2,HTTP Request update,200,OK,users 1-22,,true,,157,490,1,1,http://localhost:8080/update,2,0,0
1619510530760,1,HTTP Request logout,200,OK,users 1-22,,true,,147,125,1,1,http://localhost:8080/logout,1,0,0
1619510530761,4,HTTP Request register,200,OK,users 1-22,,true,,153,493,1,1,http://localhost:8080/register,4,0,0
1619510530766,2,HTTP Request login,200,OK,users 1-22,,true,,146,220,1,1,http://localhost:8080/login,2,0,0
1619510530768,1,HTTP Request applyLoan,200,OK,users 1-22,,true,,153,317,1,1,http://localhost:8080/applyLoan,1,0,0
1619510530769,1,HTTP Request update,200,OK,users 1-22,,true,,157,490,1,1,http://localhost:8080/update,1,0,0
1619510530770,1,HTTP Request logout,200,OK,users 1-22,,true,,147,125,1,1,http://localhost:8080/logout,1,0,0
1619510530800,3,HTTP Request register,200,OK,users 1-23,,true,,153,493,1,1,http://localhost:8080/register,3,0,1
1619510530804,1,HTTP Request login,200,OK,users 1-23,,true,,146,220,1,1,http://localhost:8080/login,1,0,0
1619510530806,1,HTTP Request applyLoan,200,OK,users 1-23,,true,,153,317,1,1,http://localhost:8080/applyLoan,0,0,0
1619510530807,0,HTTP Request update,200,OK,users 1-23,,true,,157,490,1,1,http://localhost:8080/update,0,0,0
1619510530808,1,HTTP Request logout,200,OK,users 1-23,,true,,147,125,1,1,http://localhost:8080/logout,1,0,0
1619510530809,2,HTTP Request register,200,OK,users 1-23,,true,,153,493,1,1,http://localhost:8080/register,2,0,0
1619510530811,2,HTTP Request login,200,OK,users 1-23,,true,,146,220,1,1,http://localhost:8080/login,2,0,0
1619510530813,2,HTTP Request applyLoan,200,OK,users 1-23,,true,,153,317,1,1,http://localhost:8080/applyLoan,2,0,0
1619510530815,1,HTTP Request update,200,OK,users 1-23,,true,,157,490,1,1,http://localhost:8080/update,1,0,0
1619510530816,1,HTTP Request logout,200,OK,users 1-23,,true,,147,125,1,1,http://localhost:8080/logout,1,0,0
1619510530817,2,HTTP Request register,200,OK,users 1-23,,true,,153,493,1,1,http://localhost:8080/register,2,0,0
1619510530820,2,HTTP Request login,200,OK,users 1-23,,true,,146,220,1,1,http://localhost:8080/login,2,0,0
1619510530822,1,HTTP Request applyLoan,200,OK,users 1-23,,true,,153,317,1,1,http://localhost:8080/applyLoan,1,0,0
1619510530823,1,HTTP Request update,200,OK,users 1-23,,true,,157,490,1,1,http://localhost:8080/update,1,0,0
1619510530824,1,HTTP Request logout,200,OK,users 1-23,,true,,147,125,1,1,http://localhost:8080/logout,1,0,0
1619510530860,4,HTTP Request register,200,OK,users 1-24,,true,,153,493,1,1,http://localhost:8080/register,4,0,1
1619510530864,2,HTTP Request login,200,OK,users 1-24,,true,,146,220,1,1,http://localhost:8080/login,2,0,0
1619510530866,1,HTTP Request applyLoan,200,OK,users 1-24,,true,,153,317,1,1,http://localhost:8080/applyLoan,1,0,0
1619510530867,1,HTTP Request update,200,OK,users 1-24,,true,,157,490,1,1,http://localhost:8080/update,1,0,0
1619510530869,0,HTTP Request logout,200,OK,users 1-24,,true,,147,125,1,1,http://localhost:8080/logout,0,0,0
1619510530870,2,HTTP Request register,200,OK,users 1-24,,true,,153,493,1,1,http://localhost:8080/register,2,0,0
1619510530872,2,HTTP Request login,200,OK,users 1-24,,true,,146,220,1,1,http://localhost:8080/login,2,0,0
1619510530874,1,HTTP Request applyLoan,200,OK,users 1-24,,true,,153,317,1,1,http://localhost:8080/applyLoan,1,0,0
1619510530876,1,HTTP Request update,200,OK,users 1-24,,true,,157,490,1,1,http://localhost:8080/update,1,0,0
1619510530877,1,HTTP Request logout,200,OK,users 1-24,,true,,147,125,1,1,http://localhost:8080/logout,0,0,0
1619510530878,2,HTTP Request register,200,OK,users 1-24,,true,,153,493,1,1,http://localhost:8080/register,2,0,0
1619510530880,2,HTTP Request login,200,OK,users 1-24,,true,,146,220,1,1,http://localhost:8080/login,2,0,0
1619510530883,0,HTTP Request applyLoan,200,OK,users 1-24,,true,,153,317,1,1,http://localhost:8080/applyLoan,0,0,0
1619510530884,0,HTTP Request update,200,OK,users 1-24,,true,,157,490,1,1,http://localhost:8080/update,0,0,0
1619510530885,0,HTTP Request logout,200,OK,users 1-24,,true,,147,125,1,1,http://localhost:8080/logout,0,0,0
1619510530921,3,HTTP Request register,200,OK,users 1-25,,true,,153,493,1,1,http://localhost:8080/register,3,0,1
1619510530925,2,HTTP Request login,200,OK,users 1-25,,true,,146,220,1,1,http://localhost:8080/login,2,0,0
1619510530927,1,HTTP Request applyLoan,200,OK,users 1-25,,true,,153,317,1,1,http://localhost:8080/applyLoan,1,0,0
1619510530928,1,HTTP Request update,200,OK,users 1-25,,true,,157,490,1,1,http://localhost:8080/update,1,0,0
1619510530929,1,HTTP Request logout,200,OK,users 1-25,,true,,147,125,1,1,http://localhost:8080/logout,1,0,0
1619510530930,2,HTTP Request register,200,OK,users 1-25,,true,,153,493,1,1,http://localhost:8080/register,2,0,0
1619510530932,2,HTTP Request login,200,OK,users 1-25,,true,,146,220,1,1,http://localhost:8080/login,2,0,0
1619510530934,1,HTTP Request applyLoan,200,OK,users 1-25,,true,,153,317,1,1,http://localhost:8080/applyLoan,1,0,0
1619510530935,1,HTTP Request update,200,OK,users 1-25,,true,,157,490,1,1,http://localhost:8080/update,1,0,0
1619510530937,0,HTTP Request logout,200,OK,users 1-25,,true,,147,125,1,1,http://localhost:8080/logout,0,0,0
1619510530937,2,HTTP Request register,200,OK,users 1-25,,true,,153,493,1,1,http://localhost:8080/register,2,0,0
1619510530940,1,HTTP Request login,200,OK,users 1-25,,true,,146,220,1,1,http://localhost:8080/login,1,0,0
1619510530942,0,HTTP Request applyLoan,200,OK,users 1-25,,true,,153,317,1,1,http://localhost:8080/applyLoan,0,0,0
1619510530943,0,HTTP Request update,200,OK,users 1-25,,true,,157,490,1,1,http://localhost:8080/update,0,0,0
1619510530943,1,HTTP Request logout,200,OK,users 1-25,,true,,147,125,1,1,http://localhost:8080/logout,1,0,0
1619510530981,4,HTTP Request register,200,OK,users 1-26,,true,,153,493,1,1,http://localhost:8080/register,4,0,1
1619510530985,2,HTTP Request login,200,OK,users 1-26,,true,,146,220,1,1,http://localhost:8080/login,2,0,0
1619510530987,1,HTTP Request applyLoan,200,OK,users 1-26,,true,,153,317,1,1,http://localhost:8080/applyLoan,1,0,0
1619510530989,1,HTTP Request update,200,OK,users 1-26,,true,,157,490,1,1,http://localhost:8080/update,1,0,0
1619510530990,1,HTTP Request logout,200,OK,users 1-26,,true,,147,125,1,1,http://localhost:8080/logout,1,0,0
1619510530991,3,HTTP Request register,200,OK,users 1-26,,true,,153,493,1,1,http://localhost:8080/register,3,0,0
1619510530994,3,HTTP Request login,200,OK,users 1-26,,true,,146,220,1,1,http://localhost:8080/login,3,0,0
1619510530997,1,HTTP Request applyLoan,200,OK,users 1-26,,true,,153,317,1,1,http://localhost:8080/applyLoan,1,0,0
1619510530999,1,HTTP Request update,200,OK,users 1-26,,true,,157,490,1,1,http://localhost:8080/update,1,0,0
1619510531001,1,HTTP Request logout,200,OK,users 1-26,,true,,147,125,1,1,http://localhost:8080/logout,1,0,0
1619510531002,2,HTTP Request register,200,OK,users 1-26,,true,,153,493,1,1,http://localhost:8080/register,2,0,0
1619510531005,2,HTTP Request login,200,OK,users 1-26,,true,,146,220,1,1,http://localhost:8080/login,2,0,0
1619510531007,1,HTTP Request applyLoan,200,OK,users 1-26,,true,,153,317,1,1,http://localhost:8080/applyLoan,1,0,0
1619510531008,1,HTTP Request update,200,OK,users 1-26,,true,,157,490,1,1,http://localhost:8080/update,1,0,0
1619510531009,1,HTTP Request logout,200,OK,users 1-26,,true,,147,125,1,1,http://localhost:8080/logout,1,0,0
1619510531043,8,HTTP Request register,200,OK,users 1-27,,true,,153,493,1,1,http://localhost:8080/register,8,0,2
1619510531052,4,HTTP Request login,200,OK,users 1-27,,true,,146,220,1,1,http://localhost:8080/login,4,0,0
1619510531057,2,HTTP Request applyLoan,200,OK,users 1-27,,true,,153,317,1,1,http://localhost:8080/applyLoan,2,0,0
1619510531059,2,HTTP Request update,200,OK,users 1-27,,true,,157,490,1,1,http://localhost:8080/update,2,0,0
1619510531061,2,HTTP Request logout,200,OK,users 1-27,,true,,147,125,1,1,http://localhost:8080/logout,2,0,0
1619510531063,3,HTTP Request register,200,OK,users 1-27,,true,,153,493,1,1,http://localhost:8080/register,3,0,0
1619510531066,3,HTTP Request login,200,OK,users 1-27,,true,,146,220,1,1,http://localhost:8080/login,3,0,0
1619510531069,1,HTTP Request applyLoan,200,OK,users 1-27,,true,,153,317,1,1,http://localhost:8080/applyLoan,1,0,0
1619510531070,1,HTTP Request update,200,OK,users 1-27,,true,,157,490,1,1,http://localhost:8080/update,1,0,0
1619510531071,1,HTTP Request logout,200,OK,users 1-27,,true,,147,125,1,1,http://localhost:8080/logout,1,0,0
1619510531073,2,HTTP Request register,200,OK,users 1-27,,true,,153,493,1,1,http://localhost:8080/register,2,0,0
1619510531075,3,HTTP Request login,200,OK,users 1-27,,true,,146,220,1,1,http://localhost:8080/login,3,0,0
1619510531078,1,HTTP Request applyLoan,200,OK,users 1-27,,true,,153,317,1,1,http://localhost:8080/applyLoan,1,0,0
1619510531079,1,HTTP Request update,200,OK,users 1-27,,true,,157,490,1,1,http://localhost:8080/update,1,0,0
1619510531081,1,HTTP Request logout,200,OK,users 1-27,,true,,147,125,1,1,http://localhost:8080/logout,1,0,0
1619510531101,3,HTTP Request register,200,OK,users 1-28,,true,,153,493,1,1,http://localhost:8080/register,3,0,1
1619510531104,3,HTTP Request login,200,OK,users 1-28,,true,,146,220,1,1,http://localhost:8080/login,3,0,0
1619510531107,1,HTTP Request applyLoan,200,OK,users 1-28,,true,,153,317,1,1,http://localhost:8080/applyLoan,1,0,0
1619510531108,1,HTTP Request update,200,OK,users 1-28,,true,,157,490,1,1,http://localhost:8080/update,0,0,0
1619510531109,0,HTTP Request logout,200,OK,users 1-28,,true,,147,125,1,1,http://localhost:8080/logout,0,0,0
1619510531109,2,HTTP Request register,200,OK,users 1-28,,true,,153,493,1,1,http://localhost:8080/register,2,0,0
1619510531111,2,HTTP Request login,200,OK,users 1-28,,true,,146,220,1,1,http://localhost:8080/login,2,0,0
1619510531114,1,HTTP Request applyLoan,200,OK,users 1-28,,true,,153,317,1,1,http://localhost:8080/applyLoan,1,0,0
1619510531115,1,HTTP Request update,200,OK,users 1-28,,true,,157,490,1,1,http://localhost:8080/update,1,0,0
1619510531116,1,HTTP Request logout,200,OK,users 1-28,,true,,147,125,1,1,http://localhost:8080/logout,1,0,0
1619510531117,1,HTTP Request register,200,OK,users 1-28,,true,,153,493,1,1,http://localhost:8080/register,1,0,0
1619510531119,2,HTTP Request login,200,OK,users 1-28,,true,,146,220,1,1,http://localhost:8080/login,2,0,0
1619510531121,1,HTTP Request applyLoan,200,OK,users 1-28,,true,,153,317,1,1,http://localhost:8080/applyLoan,1,0,0
1619510531122,1,HTTP Request update,200,OK,users 1-28,,true,,157,490,1,1,http://localhost:8080/update,0,0,0
1619510531123,0,HTTP Request logout,200,OK,users 1-28,,true,,147,125,1,1,http://localhost:8080/logout,0,0,0
1619510531161,4,HTTP Request register,200,OK,users 1-29,,true,,153,493,1,1,http://localhost:8080/register,4,0,1
1619510531165,3,HTTP Request login,200,OK,users 1-29,,true,,146,220,1,1,http://localhost:8080/login,3,0,0
1619510531168,1,HTTP Request applyLoan,200,OK,users 1-29,,true,,153,317,1,1,http://localhost:8080/applyLoan,1,0,0
1619510531170,1,HTTP Request update,200,OK,users 1-29,,true,,157,490,1,1,http://localhost:8080/update,1,0,0
1619510531171,1,HTTP Request logout,200,OK,users 1-29,,true,,147,125,1,1,http://localhost:8080/logout,1,0,0
1619510531172,3,HTTP Request register,200,OK,users 1-29,,true,,153,493,1,1,http://localhost:8080/register,3,0,0
1619510531175,3,HTTP Request login,200,OK,users 1-29,,true,,146,220,1,1,http://localhost:8080/login,3,0,0
1619510531178,2,HTTP Request applyLoan,200,OK,users 1-29,,true,,153,317,1,1,http://localhost:8080/applyLoan,2,0,0
1619510531180,2,HTTP Request update,200,OK,users 1-29,,true,,157,490,1,1,http://localhost:8080/update,2,0,0
1619510531182,2,HTTP Request logout,200,OK,users 1-29,,true,,147,125,1,1,http://localhost:8080/logout,2,0,0
1619510531184,4,HTTP Request register,200,OK,users 1-29,,true,,153,493,1,1,http://localhost:8080/register,4,0,0
1619510531188,3,HTTP Request login,200,OK,users 1-29,,true,,146,220,1,1,http://localhost:8080/login,3,0,0
1619510531191,1,HTTP Request applyLoan,200,OK,users 1-29,,true,,153,317,1,1,http://localhost:8080/applyLoan,1,0,0
1619510531193,1,HTTP Request update,200,OK,users 1-29,,true,,157,490,1,1,http://localhost:8080/update,1,0,0
1619510531194,1,HTTP Request logout,200,OK,users 1-29,,true,,147,125,1,1,http://localhost:8080/logout,1,0,0
1619510531221,3,HTTP Request register,200,OK,users 1-30,,true,,153,493,1,1,http://localhost:8080/register,3,0,0
1619510531224,2,HTTP Request login,200,OK,users 1-30,,true,,146,220,1,1,http://localhost:8080/login,2,0,0
1619510531227,1,HTTP Request applyLoan,200,OK,users 1-30,,true,,153,317,1,1,http://localhost:8080/applyLoan,1,0,0
1619510531228,1,HTTP Request update,200,OK,users 1-30,,true,,157,490,1,1,http://localhost:8080/update,1,0,0
1619510531229,1,HTTP Request logout,200,OK,users 1-30,,true,,147,125,1,1,http://localhost:8080/logout,1,0,0
1619510531230,2,HTTP Request register,200,OK,users 1-30,,true,,153,493,1,1,http://localhost:8080/register,2,0,0
1619510531232,3,HTTP Request login,200,OK,users 1-30,,true,,146,220,1,1,http://localhost:8080/login,3,0,0
1619510531235,1,HTTP Request applyLoan,200,OK,users 1-30,,true,,153,317,1,1,http://localhost:8080/applyLoan,1,0,0
1619510531236,1,HTTP Request update,200,OK,users 1-30,,true,,157,490,1,1,http://localhost:8080/update,1,0,0
1619510531237,1,HTTP Request logout,200,OK,users 1-30,,true,,147,125,1,1,http://localhost:8080/logout,1,0,0
1619510531239,2,HTTP Request register,200,OK,users 1-30,,true,,153,493,1,1,http://localhost:8080/register,2,0,0
1619510531241,2,HTTP Request login,200,OK,users 1-30,,true,,146,220,1,1,http://localhost:8080/login,2,0,0
1619510531243,1,HTTP Request applyLoan,200,OK,users 1-30,,true,,153,317,1,1,http://localhost:8080/applyLoan,1,0,0
1619510531244,1,HTTP Request update,200,OK,users 1-30,,true,,157,490,1,1,http://localhost:8080/update,1,0,0
1619510531246,1,HTTP Request logout,200,OK,users 1-30,,true,,147,125,1,1,http://localhost:8080/logout,1,0,0
1619510531281,3,HTTP Request register,200,OK,users 1-31,,true,,153,493,1,1,http://localhost:8080/register,3,0,1
1619510531284,2,HTTP Request login,200,OK,users 1-31,,true,,146,220,1,1,http://localhost:8080/login,2,0,0
1619510531286,1,HTTP Request applyLoan,200,OK,users 1-31,,true,,153,317,1,1,http://localhost:8080/applyLoan,1,0,0
1619510531287,1,HTTP Request update,200,OK,users 1-31,,true,,157,490,1,1,http://localhost:8080/update,1,0,0
1619510531288,1,HTTP Request logout,200,OK,users 1-31,,true,,147,125,1,1,http://localhost:8080/logout,1,0,0
1619510531289,2,HTTP Request register,200,OK,users 1-31,,true,,153,493,1,1,http://localhost:8080/register,2,0,0
1619510531291,2,HTTP Request login,200,OK,users 1-31,,true,,146,220,1,1,http://localhost:8080/login,2,0,0
1619510531293,1,HTTP Request applyLoan,200,OK,users 1-31,,true,,153,317,1,1,http://localhost:8080/applyLoan,1,0,0
1619510531294,1,HTTP Request update,200,OK,users 1-31,,true,,157,490,1,1,http://localhost:8080/update,1,0,0
1619510531295,1,HTTP Request logout,200,OK,users 1-31,,true,,147,125,1,1,http://localhost:8080/logout,1,0,0
1619510531296,2,HTTP Request register,200,OK,users 1-31,,true,,153,493,1,1,http://localhost:8080/register,2,0,0
1619510531298,2,HTTP Request login,200,OK,users 1-31,,true,,146,220,1,1,http://localhost:8080/login,2,0,0
1619510531300,1,HTTP Request applyLoan,200,OK,users 1-31,,true,,153,317,1,1,http://localhost:8080/applyLoan,1,0,0
1619510531301,1,HTTP Request update,200,OK,users 1-31,,true,,157,490,1,1,http://localhost:8080/update,1,0,0
1619510531302,1,HTTP Request logout,200,OK,users 1-31,,true,,147,125,1,1,http://localhost:8080/logout,1,0,0
1619510531342,9,HTTP Request register,200,OK,users 1-32,,true,,153,493,1,1,http://localhost:8080/register,9,0,2
1619510531352,4,HTTP Request login,200,OK,users 1-32,,true,,146,220,1,1,http://localhost:8080/login,4,0,0
1619510531357,2,HTTP Request applyLoan,200,OK,users 1-32,,true,,153,317,1,1,http://localhost:8080/applyLoan,2,0,0
1619510531359,2,HTTP Request update,200,OK,users 1-32,,true,,157,490,1,1,http://localhost:8080/update,2,0,0
1619510531361,2,HTTP Request logout,200,OK,users 1-32,,true,,147,125,1,1,http://localhost:8080/logout,2,0,0
1619510531364,3,HTTP Request register,200,OK,users 1-32,,true,,153,493,1,1,http://localhost:8080/register,3,0,0
1619510531368,3,HTTP Request login,200,OK,users 1-32,,true,,146,220,1,1,http://localhost:8080/login,3,0,0
1619510531371,1,HTTP Request applyLoan,200,OK,users 1-32,,true,,153,317,1,1,http://localhost:8080/applyLoan,1,0,0
1619510531373,1,HTTP Request update,200,OK,users 1-32,,true,,157,490,1,1,http://localhost:8080/update,1,0,0
1619510531374,1,HTTP Request logout,200,OK,users 1-32,,true,,147,125,1,1,http://localhost:8080/logout,1,0,0
1619510531375,3,HTTP Request register,200,OK,users 1-32,,true,,153,493,1,1,http://localhost:8080/register,3,0,0
1619510531378,2,HTTP Request login,200,OK,users 1-32,,true,,146,220,1,1,http://localhost:8080/login,2,0,0
1619510531380,1,HTTP Request applyLoan,200,OK,users 1-32,,true,,153,317,1,1,http://localhost:8080/applyLoan,1,0,0
1619510531381,2,HTTP Request update,200,OK,users 1-32,,true,,157,490,1,1,http://localhost:8080/update,2,0,0
1619510531383,1,HTTP Request logout,200,OK,users 1-32,,true,,147,125,1,1,http://localhost:8080/logout,1,0,0
1619510531402,3,HTTP Request register,200,OK,users 1-33,,true,,153,493,1,1,http://localhost:8080/register,3,0,0
1619510531405,2,HTTP Request login,200,OK,users 1-33,,true,,146,220,1,1,http://localhost:8080/login,2,0,0
1619510531407,1,HTTP Request applyLoan,200,OK,users 1-33,,true,,153,317,1,1,http://localhost:8080/applyLoan,1,0,0
1619510531408,1,HTTP Request update,200,OK,users 1-33,,true,,157,490,1,1,http://localhost:8080/update,1,0,0
1619510531409,1,HTTP Request logout,200,OK,users 1-33,,true,,147,125,1,1,http://localhost:8080/logout,1,0,0
1619510531410,2,HTTP Request register,200,OK,users 1-33,,true,,153,493,1,1,http://localhost:8080/register,2,0,0
1619510531412,2,HTTP Request login,200,OK,users 1-33,,true,,146,220,1,1,http://localhost:8080/login,2,0,0
1619510531414,1,HTTP Request applyLoan,200,OK,users 1-33,,true,,153,317,1,1,http://localhost:8080/applyLoan,1,0,0
1619510531415,1,HTTP Request update,200,OK,users 1-33,,true,,157,490,1,1,http://localhost:8080/update,1,0,0
1619510531416,1,HTTP Request logout,200,OK,users 1-33,,true,,147,125,1,1,http://localhost:8080/logout,1,0,0
1619510531417,2,HTTP Request register,200,OK,users 1-33,,true,,153,493,1,1,http://localhost:8080/register,2,0,0
1619510531419,2,HTTP Request login,200,OK,users 1-33,,true,,146,220,1,1,http://localhost:8080/login,2,0,0
1619510531421,1,HTTP Request applyLoan,200,OK,users 1-33,,true,,153,317,1,1,http://localhost:8080/applyLoan,1,0,0
1619510531422,1,HTTP Request update,200,OK,users 1-33,,true,,157,490,1,1,http://localhost:8080/update,1,0,0
1619510531423,1,HTTP Request logout,200,OK,users 1-33,,true,,147,125,1,1,http://localhost:8080/logout,1,0,0
1619510531461,3,HTTP Request register,200,OK,users 1-34,,true,,153,493,1,1,http://localhost:8080/register,3,0,0
1619510531465,2,HTTP Request login,200,OK,users 1-34,,true,,146,220,1,1,http://localhost:8080/login,2,0,0
1619510531467,1,HTTP Request applyLoan,200,OK,users 1-34,,true,,153,317,1,1,http://localhost:8080/applyLoan,1,0,0
1619510531468,1,HTTP Request update,200,OK,users 1-34,,true,,157,490,1,1,http://localhost:8080/update,1,0,0
1619510531469,1,HTTP Request logout,200,OK,users 1-34,,true,,147,125,1,1,http://localhost:8080/logout,1,0,0
1619510531471,2,HTTP Request register,200,OK,users 1-34,,true,,153,493,1,1,http://localhost:8080/register,2,0,0
1619510531473,2,HTTP Request login,200,OK,users 1-34,,true,,146,220,1,1,http://localhost:8080/login,2,0,0
1619510531476,1,HTTP Request applyLoan,200,OK,users 1-34,,true,,153,317,1,1,http://localhost:8080/applyLoan,1,0,0
1619510531477,1,HTTP Request update,200,OK,users 1-34,,true,,157,490,1,1,http://localhost:8080/update,1,0,0
1619510531478,1,HTTP Request logout,200,OK,users 1-34,,true,,147,125,1,1,http://localhost:8080/logout,1,0,0
1619510531479,3,HTTP Request register,200,OK,users 1-34,,true,,153,493,1,1,http://localhost:8080/register,3,0,0
1619510531482,2,HTTP Request login,200,OK,users 1-34,,true,,146,220,1,1,http://localhost:8080/login,2,0,0
1619510531484,2,HTTP Request applyLoan,200,OK,users 1-34,,true,,153,317,1,1,http://localhost:8080/applyLoan,2,0,0
1619510531486,1,HTTP Request update,200,OK,users 1-34,,true,,157,490,1,1,http://localhost:8080/update,1,0,0
1619510531487,2,HTTP Request logout,200,OK,users 1-34,,true,,147,125,1,1,http://localhost:8080/logout,2,0,0
1619510531521,3,HTTP Request register,200,OK,users 1-35,,true,,153,493,1,1,http://localhost:8080/register,2,0,0
1619510531524,4,HTTP Request login,200,OK,users 1-35,,true,,146,220,1,1,http://localhost:8080/login,3,0,0
1619510531528,1,HTTP Request applyLoan,200,OK,users 1-35,,true,,153,317,1,1,http://localhost:8080/applyLoan,1,0,0
1619510531529,1,HTTP Request update,200,OK,users 1-35,,true,,157,490,1,1,http://localhost:8080/update,1,0,0
1619510531530,1,HTTP Request logout,200,OK,users 1-35,,true,,147,125,1,1,http://localhost:8080/logout,1,0,0
1619510531531,2,HTTP Request register,200,OK,users 1-35,,true,,153,493,1,1,http://localhost:8080/register,2,0,0
1619510531533,2,HTTP Request login,200,OK,users 1-35,,true,,146,220,1,1,http://localhost:8080/login,2,0,0
1619510531535,1,HTTP Request applyLoan,200,OK,users 1-35,,true,,153,317,1,1,http://localhost:8080/applyLoan,1,0,0
1619510531537,0,HTTP Request update,200,OK,users 1-35,,true,,157,490,1,1,http://localhost:8080/update,0,0,0
1619510531537,1,HTTP Request logout,200,OK,users 1-35,,true,,147,125,1,1,http://localhost:8080/logout,1,0,0
1619510531538,2,HTTP Request register,200,OK,users 1-35,,true,,153,493,1,1,http://localhost:8080/register,2,0,0
1619510531541,2,HTTP Request login,200,OK,users 1-35,,true,,146,220,1,1,http://localhost:8080/login,2,0,0
1619510531543,1,HTTP Request applyLoan,200,OK,users 1-35,,true,,153,317,1,1,http://localhost:8080/applyLoan,1,0,0
1619510531544,1,HTTP Request update,200,OK,users 1-35,,true,,157,490,1,1,http://localhost:8080/update,1,0,0
1619510531545,1,HTTP Request logout,200,OK,users 1-35,,true,,147,125,1,1,http://localhost:8080/logout,1,0,0
1619510531582,6,HTTP Request register,200,OK,users 1-36,,true,,153,493,1,1,http://localhost:8080/register,6,0,1
1619510531588,3,HTTP Request login,200,OK,users 1-36,,true,,146,220,1,1,http://localhost:8080/login,3,0,0
1619510531591,2,HTTP Request applyLoan,200,OK,users 1-36,,true,,153,317,1,1,http://localhost:8080/applyLoan,2,0,0
1619510531593,1,HTTP Request update,200,OK,users 1-36,,true,,157,490,1,1,http://localhost:8080/update,1,0,0
1619510531594,1,HTTP Request logout,200,OK,users 1-36,,true,,147,125,1,1,http://localhost:8080/logout,1,0,0
1619510531595,3,HTTP Request register,200,OK,users 1-36,,true,,153,493,1,1,http://localhost:8080/register,3,0,0
1619510531598,2,HTTP Request login,200,OK,users 1-36,,true,,146,220,1,1,http://localhost:8080/login,2,0,0
1619510531600,1,HTTP Request applyLoan,200,OK,users 1-36,,true,,153,317,1,1,http://localhost:8080/applyLoan,1,0,0
1619510531601,1,HTTP Request update,200,OK,users 1-36,,true,,157,490,1,1,http://localhost:8080/update,1,0,0
1619510531603,0,HTTP Request logout,200,OK,users 1-36,,true,,147,125,1,1,http://localhost:8080/logout,0,0,0
1619510531604,2,HTTP Request register,200,OK,users 1-36,,true,,153,493,1,1,http://localhost:8080/register,2,0,0
1619510531606,2,HTTP Request login,200,OK,users 1-36,,true,,146,220,1,1,http://localhost:8080/login,2,0,0
1619510531608,1,HTTP Request applyLoan,200,OK,users 1-36,,true,,153,317,1,1,http://localhost:8080/applyLoan,1,0,0
1619510531609,1,HTTP Request update,200,OK,users 1-36,,true,,157,490,1,1,http://localhost:8080/update,1,0,0
1619510531610,1,HTTP Request logout,200,OK,users 1-36,,true,,147,125,1,1,http://localhost:8080/logout,1,0,0
1619510531641,5,HTTP Request register,200,OK,users 1-37,,true,,153,493,1,1,http://localhost:8080/register,5,0,1
1619510531647,4,HTTP Request login,200,OK,users 1-37,,true,,146,220,1,1,http://localhost:8080/login,4,0,0
1619510531651,2,HTTP Request applyLoan,200,OK,users 1-37,,true,,153,317,1,1,http://localhost:8080/applyLoan,2,0,0
1619510531654,1,HTTP Request update,200,OK,users 1-37,,true,,157,490,1,1,http://localhost:8080/update,1,0,0
1619510531655,1,HTTP Request logout,200,OK,users 1-37,,true,,147,125,1,1,http://localhost:8080/logout,1,0,0
1619510531657,2,HTTP Request register,200,OK,users 1-37,,true,,153,493,1,1,http://localhost:8080/register,2,0,0
1619510531660,2,HTTP Request login,200,OK,users 1-37,,true,,146,220,1,1,http://localhost:8080/login,2,0,0
1619510531662,2,HTTP Request applyLoan,200,OK,users 1-37,,true,,153,317,1,1,http://localhost:8080/applyLoan,1,0,0
1619510531664,2,HTTP Request update,200,OK,users 1-37,,true,,157,490,1,1,http://localhost:8080/update,2,0,0
1619510531666,1,HTTP Request logout,200,OK,users 1-37,,true,,147,125,1,1,http://localhost:8080/logout,1,0,0
1619510531667,2,HTTP Request register,200,OK,users 1-37,,true,,153,493,1,1,http://localhost:8080/register,2,0,0
1619510531670,2,HTTP Request login,200,OK,users 1-37,,true,,146,220,1,1,http://localhost:8080/login,2,0,0
1619510531672,1,HTTP Request applyLoan,200,OK,users 1-37,,true,,153,317,1,1,http://localhost:8080/applyLoan,1,0,0
1619510531673,1,HTTP Request update,200,OK,users 1-37,,true,,157,490,1,1,http://localhost:8080/update,1,0,0
1619510531674,1,HTTP Request logout,200,OK,users 1-37,,true,,147,125,1,1,http://localhost:8080/logout,1,0,0
1619510531701,4,HTTP Request register,200,OK,users 1-38,,true,,153,493,1,1,http://localhost:8080/register,4,0,1
1619510531705,2,HTTP Request login,200,OK,users 1-38,,true,,146,220,1,1,http://localhost:8080/login,2,0,0
1619510531707,1,HTTP Request applyLoan,200,OK,users 1-38,,true,,153,317,1,1,http://localhost:8080/applyLoan,1,0,0
1619510531708,1,HTTP Request update,200,OK,users 1-38,,true,,157,490,1,1,http://localhost:8080/update,1,0,0
1619510531710,1,HTTP Request logout,200,OK,users 1-38,,true,,147,125,1,1,http://localhost:8080/logout,1,0,0
1619510531711,2,HTTP Request register,200,OK,users 1-38,,true,,153,493,1,1,http://localhost:8080/register,2,0,0
1619510531714,2,HTTP Request login,200,OK,users 1-38,,true,,146,220,1,1,http://localhost:8080/login,2,0,0
1619510531717,1,HTTP Request applyLoan,200,OK,users 1-38,,true,,153,317,1,1,http://localhost:8080/applyLoan,1,0,0
1619510531718,2,HTTP Request update,200,OK,users 1-38,,true,,157,490,1,1,http://localhost:8080/update,2,0,0
1619510531720,1,HTTP Request logout,200,OK,users 1-38,,true,,147,125,1,1,http://localhost:8080/logout,1,0,0
1619510531721,3,HTTP Request register,200,OK,users 1-38,,true,,153,493,1,1,http://localhost:8080/register,3,0,0
1619510531724,3,HTTP Request login,200,OK,users 1-38,,true,,146,220,1,1,http://localhost:8080/login,3,0,0
1619510531727,1,HTTP Request applyLoan,200,OK,users 1-38,,true,,153,317,1,1,http://localhost:8080/applyLoan,1,0,0
1619510531728,1,HTTP Request update,200,OK,users 1-38,,true,,157,490,1,1,http://localhost:8080/update,1,0,0
1619510531729,2,HTTP Request logout,200,OK,users 1-38,,true,,147,125,1,1,http://localhost:8080/logout,2,0,0
1619510531760,3,HTTP Request register,200,OK,users 1-39,,true,,153,493,1,1,http://localhost:8080/register,3,0,1
1619510531763,2,HTTP Request login,200,OK,users 1-39,,true,,146,220,1,1,http://localhost:8080/login,2,0,0
1619510531765,1,HTTP Request applyLoan,200,OK,users 1-39,,true,,153,317,1,1,http://localhost:8080/applyLoan,1,0,0
1619510531767,1,HTTP Request update,200,OK,users 1-39,,true,,157,490,1,1,http://localhost:8080/update,0,0,0
1619510531768,1,HTTP Request logout,200,OK,users 1-39,,true,,147,125,1,1,http://localhost:8080/logout,1,0,0
1619510531769,2,HTTP Request register,200,OK,users 1-39,,true,,153,493,1,1,http://localhost:8080/register,2,0,0
1619510531771,3,HTTP Request login,200,OK,users 1-39,,true,,146,220,1,1,http://localhost:8080/login,3,0,0
1619510531774,1,HTTP Request applyLoan,200,OK,users 1-39,,true,,153,317,1,1,http://localhost:8080/applyLoan,1,0,0
1619510531775,1,HTTP Request update,200,OK,users 1-39,,true,,157,490,1,1,http://localhost:8080/update,1,0,0
1619510531777,0,HTTP Request logout,200,OK,users 1-39,,true,,147,125,1,1,http://localhost:8080/logout,0,0,0
1619510531778,2,HTTP Request register,200,OK,users 1-39,,true,,153,493,1,1,http://localhost:8080/register,2,0,0
1619510531780,2,HTTP Request login,200,OK,users 1-39,,true,,146,220,1,1,http://localhost:8080/login,2,0,0
1619510531783,1,HTTP Request applyLoan,200,OK,users 1-39,,true,,153,317,1,1,http://localhost:8080/applyLoan,1,0,0
1619510531784,1,HTTP Request update,200,OK,users 1-39,,true,,157,490,1,1,http://localhost:8080/update,1,0,0
1619510531785,1,HTTP Request logout,200,OK,users 1-39,,true,,147,125,1,1,http://localhost:8080/logout,1,0,0
1619510531821,3,HTTP Request register,200,OK,users 1-40,,true,,153,493,1,1,http://localhost:8080/register,3,0,1
1619510531825,2,HTTP Request login,200,OK,users 1-40,,true,,146,220,1,1,http://localhost:8080/login,2,0,0
1619510531827,1,HTTP Request applyLoan,200,OK,users 1-40,,true,,153,317,1,1,http://localhost:8080/applyLoan,1,0,0
1619510531828,1,HTTP Request update,200,OK,users 1-40,,true,,157,490,1,1,http://localhost:8080/update,1,0,0
1619510531830,0,HTTP Request logout,200,OK,users 1-40,,true,,147,125,1,1,http://localhost:8080/logout,0,0,0
1619510531831,1,HTTP Request register,200,OK,users 1-40,,true,,153,493,1,1,http://localhost:8080/register,1,0,0
1619510531833,2,HTTP Request login,200,OK,users 1-40,,true,,146,220,1,1,http://localhost:8080/login,2,0,0
1619510531835,1,HTTP Request applyLoan,200,OK,users 1-40,,true,,153,317,1,1,http://localhost:8080/applyLoan,1,0,0
1619510531836,1,HTTP Request update,200,OK,users 1-40,,true,,157,490,1,1,http://localhost:8080/update,1,0,0
1619510531837,1,HTTP Request logout,200,OK,users 1-40,,true,,147,125,1,1,http://localhost:8080/logout,1,0,0
1619510531838,3,HTTP Request register,200,OK,users 1-40,,true,,153,493,1,1,http://localhost:8080/register,2,0,0
1619510531841,2,HTTP Request login,200,OK,users 1-40,,true,,146,220,1,1,http://localhost:8080/login,2,0,0
1619510531843,1,HTTP Request applyLoan,200,OK,users 1-40,,true,,153,317,1,1,http://localhost:8080/applyLoan,1,0,0
1619510531844,1,HTTP Request update,200,OK,users 1-40,,true,,157,490,1,1,http://localhost:8080/update,1,0,0
1619510531845,1,HTTP Request logout,200,OK,users 1-40,,true,,147,125,1,1,http://localhost:8080/logout,1,0,0
1619510531881,4,HTTP Request register,200,OK,users 1-41,,true,,153,493,1,1,http://localhost:8080/register,4,0,1
1619510531885,2,HTTP Request login,200,OK,users 1-41,,true,,146,220,1,1,http://localhost:8080/login,2,0,0
1619510531888,1,HTTP Request applyLoan,200,OK,users 1-41,,true,,153,317,1,1,http://localhost:8080/applyLoan,1,0,0
1619510531889,1,HTTP Request update,200,OK,users 1-41,,true,,157,490,1,1,http://localhost:8080/update,1,0,0
1619510531891,1,HTTP Request logout,200,OK,users 1-41,,true,,147,125,1,1,http://localhost:8080/logout,1,0,0
1619510531892,3,HTTP Request register,200,OK,users 1-41,,true,,153,493,1,1,http://localhost:8080/register,2,0,0
1619510531895,2,HTTP Request login,200,OK,users 1-41,,true,,146,220,1,1,http://localhost:8080/login,2,0,0
1619510531898,1,HTTP Request applyLoan,200,OK,users 1-41,,true,,153,317,1,1,http://localhost:8080/applyLoan,1,0,0
1619510531899,4,HTTP Request update,200,OK,users 1-41,,true,,157,490,1,1,http://localhost:8080/update,4,0,0
1619510531903,1,HTTP Request logout,200,OK,users 1-41,,true,,147,125,1,1,http://localhost:8080/logout,1,0,0
1619510531904,3,HTTP Request register,200,OK,users 1-41,,true,,153,493,1,1,http://localhost:8080/register,3,0,0
1619510531907,3,HTTP Request login,200,OK,users 1-41,,true,,146,220,1,1,http://localhost:8080/login,3,0,0
1619510531910,1,HTTP Request applyLoan,200,OK,users 1-41,,true,,153,317,1,1,http://localhost:8080/applyLoan,1,0,0
1619510531911,2,HTTP Request update,200,OK,users 1-41,,true,,157,490,1,1,http://localhost:8080/update,2,0,0
1619510531913,1,HTTP Request logout,200,OK,users 1-41,,true,,147,125,1,1,http://localhost:8080/logout,1,0,0
1619510531941,3,HTTP Request register,200,OK,users 1-42,,true,,153,493,1,1,http://localhost:8080/register,3,0,1
1619510531944,3,HTTP Request login,200,OK,users 1-42,,true,,146,220,1,1,http://localhost:8080/login,3,0,0
1619510531947,1,HTTP Request applyLoan,200,OK,users 1-42,,true,,153,317,1,1,http://localhost:8080/applyLoan,1,0,0
1619510531948,1,HTTP Request update,200,OK,users 1-42,,true,,157,490,1,1,http://localhost:8080/update,1,0,0
1619510531949,1,HTTP Request logout,200,OK,users 1-42,,true,,147,125,1,1,http://localhost:8080/logout,1,0,0
1619510531950,3,HTTP Request register,200,OK,users 1-42,,true,,153,493,1,1,http://localhost:8080/register,3,0,0
1619510531953,2,HTTP Request login,200,OK,users 1-42,,true,,146,220,1,1,http://localhost:8080/login,2,0,0
1619510531955,1,HTTP Request applyLoan,200,OK,users 1-42,,true,,153,317,1,1,http://localhost:8080/applyLoan,1,0,0
1619510531956,1,HTTP Request update,200,OK,users 1-42,,true,,157,490,1,1,http://localhost:8080/update,1,0,0
1619510531957,1,HTTP Request logout,200,OK,users 1-42,,true,,147,125,1,1,http://localhost:8080/logout,1,0,0
1619510531958,2,HTTP Request register,200,OK,users 1-42,,true,,153,493,1,1,http://localhost:8080/register,2,0,0
1619510531960,2,HTTP Request login,200,OK,users 1-42,,true,,146,220,1,1,http://localhost:8080/login,2,0,0
1619510531963,1,HTTP Request applyLoan,200,OK,users 1-42,,true,,153,317,1,1,http://localhost:8080/applyLoan,1,0,0
1619510531964,1,HTTP Request update,200,OK,users 1-42,,true,,157,490,1,1,http://localhost:8080/update,1,0,0
1619510531965,1,HTTP Request logout,200,OK,users 1-42,,true,,147,125,1,1,http://localhost:8080/logout,1,0,0
1619510532001,3,HTTP Request register,200,OK,users 1-43,,true,,153,493,1,1,http://localhost:8080/register,3,0,1
1619510532004,2,HTTP Request login,200,OK,users 1-43,,true,,146,220,1,1,http://localhost:8080/login,2,0,0
1619510532006,1,HTTP Request applyLoan,200,OK,users 1-43,,true,,153,317,1,1,http://localhost:8080/applyLoan,1,0,0
1619510532007,1,HTTP Request update,200,OK,users 1-43,,true,,157,490,1,1,http://localhost:8080/update,1,0,0
1619510532008,1,HTTP Request logout,200,OK,users 1-43,,true,,147,125,1,1,http://localhost:8080/logout,0,0,0
1619510532009,1,HTTP Request register,200,OK,users 1-43,,true,,153,493,1,1,http://localhost:8080/register,1,0,0
1619510532010,3,HTTP Request login,200,OK,users 1-43,,true,,146,220,1,1,http://localhost:8080/login,3,0,0
1619510532013,1,HTTP Request applyLoan,200,OK,users 1-43,,true,,153,317,1,1,http://localhost:8080/applyLoan,1,0,0
1619510532014,1,HTTP Request update,200,OK,users 1-43,,true,,157,490,1,1,http://localhost:8080/update,1,0,0
1619510532015,1,HTTP Request logout,200,OK,users 1-43,,true,,147,125,1,1,http://localhost:8080/logout,1,0,0
1619510532016,2,HTTP Request register,200,OK,users 1-43,,true,,153,493,1,1,http://localhost:8080/register,2,0,0
1619510532019,2,HTTP Request login,200,OK,users 1-43,,true,,146,220,1,1,http://localhost:8080/login,2,0,0
1619510532021,1,HTTP Request applyLoan,200,OK,users 1-43,,true,,153,317,1,1,http://localhost:8080/applyLoan,1,0,0
1619510532022,1,HTTP Request update,200,OK,users 1-43,,true,,157,490,1,1,http://localhost:8080/update,1,0,0
1619510532023,2,HTTP Request logout,200,OK,users 1-43,,true,,147,125,1,1,http://localhost:8080/logout,2,0,0
1619510532062,8,HTTP Request register,200,OK,users 1-44,,true,,153,493,1,1,http://localhost:8080/register,7,0,2
1619510532070,5,HTTP Request login,200,OK,users 1-44,,true,,146,220,1,1,http://localhost:8080/login,5,0,0
1619510532075,3,HTTP Request applyLoan,200,OK,users 1-44,,true,,153,317,1,1,http://localhost:8080/applyLoan,2,0,0
1619510532078,2,HTTP Request update,200,OK,users 1-44,,true,,157,490,1,1,http://localhost:8080/update,2,0,0
1619510532080,2,HTTP Request logout,200,OK,users 1-44,,true,,147,125,1,1,http://localhost:8080/logout,2,0,0
1619510532082,5,HTTP Request register,200,OK,users 1-44,,true,,153,493,1,1,http://localhost:8080/register,5,0,0
1619510532088,5,HTTP Request login,200,OK,users 1-44,,true,,146,220,1,1,http://localhost:8080/login,5,0,0
1619510532093,2,HTTP Request applyLoan,200,OK,users 1-44,,true,,153,317,1,1,http://localhost:8080/applyLoan,2,0,0
1619510532096,2,HTTP Request update,200,OK,users 1-44,,true,,157,490,1,1,http://localhost:8080/update,2,0,0
1619510532099,2,HTTP Request logout,200,OK,users 1-44,,true,,147,125,1,1,http://localhost:8080/logout,2,0,0
1619510532102,5,HTTP Request register,200,OK,users 1-44,,true,,153,493,1,1,http://localhost:8080/register,5,0,0
1619510532108,5,HTTP Request login,200,OK,users 1-44,,true,,146,220,1,1,http://localhost:8080/login,5,0,0
1619510532114,3,HTTP Request applyLoan,200,OK,users 1-44,,true,,153,317,1,1,http://localhost:8080/applyLoan,3,0,0
1619510532117,3,HTTP Request update,200,OK,users 1-44,,true,,157,490,1,1,http://localhost:8080/update,3,0,0
1619510532121,2,HTTP Request logout,200,OK,users 1-44,,true,,147,125,2,2,http://localhost:8080/logout,2,0,0
1619510532122,6,HTTP Request register,200,OK,users 1-45,,true,,153,493,1,1,http://localhost:8080/register,6,0,2
1619510532128,3,HTTP Request login,200,OK,users 1-45,,true,,146,220,1,1,http://localhost:8080/login,3,0,0
1619510532132,1,HTTP Request applyLoan,200,OK,users 1-45,,true,,153,317,1,1,http://localhost:8080/applyLoan,1,0,0
1619510532133,2,HTTP Request update,200,OK,users 1-45,,true,,157,490,1,1,http://localhost:8080/update,2,0,0
1619510532135,2,HTTP Request logout,200,OK,users 1-45,,true,,147,125,1,1,http://localhost:8080/logout,2,0,0
1619510532137,3,HTTP Request register,200,OK,users 1-45,,true,,153,493,1,1,http://localhost:8080/register,3,0,0
1619510532140,3,HTTP Request login,200,OK,users 1-45,,true,,146,220,1,1,http://localhost:8080/login,3,0,0
1619510532143,1,HTTP Request applyLoan,200,OK,users 1-45,,true,,153,317,1,1,http://localhost:8080/applyLoan,1,0,0
1619510532145,1,HTTP Request update,200,OK,users 1-45,,true,,157,490,1,1,http://localhost:8080/update,1,0,0
1619510532146,1,HTTP Request logout,200,OK,users 1-45,,true,,147,125,1,1,http://localhost:8080/logout,1,0,0
1619510532147,3,HTTP Request register,200,OK,users 1-45,,true,,153,493,1,1,http://localhost:8080/register,3,0,0
1619510532150,2,HTTP Request login,200,OK,users 1-45,,true,,146,220,1,1,http://localhost:8080/login,2,0,0
1619510532152,1,HTTP Request applyLoan,200,OK,users 1-45,,true,,153,317,1,1,http://localhost:8080/applyLoan,1,0,0
1619510532153,1,HTTP Request update,200,OK,users 1-45,,true,,157,490,1,1,http://localhost:8080/update,1,0,0
1619510532154,1,HTTP Request logout,200,OK,users 1-45,,true,,147,125,1,1,http://localhost:8080/logout,1,0,0
1619510532181,3,HTTP Request register,200,OK,users 1-46,,true,,153,493,1,1,http://localhost:8080/register,3,0,1
1619510532185,2,HTTP Request login,200,OK,users 1-46,,true,,146,220,1,1,http://localhost:8080/login,2,0,0
1619510532187,1,HTTP Request applyLoan,200,OK,users 1-46,,true,,153,317,1,1,http://localhost:8080/applyLoan,1,0,0
1619510532188,1,HTTP Request update,200,OK,users 1-46,,true,,157,490,1,1,http://localhost:8080/update,1,0,0
1619510532189,1,HTTP Request logout,200,OK,users 1-46,,true,,147,125,1,1,http://localhost:8080/logout,1,0,0
1619510532190,2,HTTP Request register,200,OK,users 1-46,,true,,153,493,1,1,http://localhost:8080/register,2,0,0
1619510532192,2,HTTP Request login,200,OK,users 1-46,,true,,146,220,1,1,http://localhost:8080/login,2,0,0
1619510532194,1,HTTP Request applyLoan,200,OK,users 1-46,,true,,153,317,1,1,http://localhost:8080/applyLoan,1,0,0
1619510532195,1,HTTP Request update,200,OK,users 1-46,,true,,157,490,1,1,http://localhost:8080/update,1,0,0
1619510532196,1,HTTP Request logout,200,OK,users 1-46,,true,,147,125,1,1,http://localhost:8080/logout,1,0,0
1619510532197,2,HTTP Request register,200,OK,users 1-46,,true,,153,493,1,1,http://localhost:8080/register,2,0,0
1619510532199,2,HTTP Request login,200,OK,users 1-46,,true,,146,220,1,1,http://localhost:8080/login,2,0,0
1619510532201,1,HTTP Request applyLoan,200,OK,users 1-46,,true,,153,317,1,1,http://localhost:8080/applyLoan,1,0,0
1619510532202,1,HTTP Request update,200,OK,users 1-46,,true,,157,490,1,1,http://localhost:8080/update,1,0,0
1619510532204,0,HTTP Request logout,200,OK,users 1-46,,true,,147,125,1,1,http://localhost:8080/logout,0,0,0
1619510532244,8,HTTP Request register,200,OK,users 1-47,,true,,153,493,1,1,http://localhost:8080/register,8,0,2
1619510532252,5,HTTP Request login,200,OK,users 1-47,,true,,146,220,1,1,http://localhost:8080/login,5,0,0
1619510532257,2,HTTP Request applyLoan,200,OK,users 1-47,,true,,153,317,1,1,http://localhost:8080/applyLoan,2,0,0
1619510532260,2,HTTP Request update,200,OK,users 1-47,,true,,157,490,1,1,http://localhost:8080/update,2,0,0
1619510532262,2,HTTP Request logout,200,OK,users 1-47,,true,,147,125,1,1,http://localhost:8080/logout,2,0,0
1619510532265,4,HTTP Request register,200,OK,users 1-47,,true,,153,493,1,1,http://localhost:8080/register,4,0,0
1619510532270,4,HTTP Request login,200,OK,users 1-47,,true,,146,220,1,1,http://localhost:8080/login,4,0,0
1619510532275,2,HTTP Request applyLoan,200,OK,users 1-47,,true,,153,317,1,1,http://localhost:8080/applyLoan,2,0,0
1619510532277,1,HTTP Request update,200,OK,users 1-47,,true,,157,490,1,1,http://localhost:8080/update,1,0,0
1619510532279,1,HTTP Request logout,200,OK,users 1-47,,true,,147,125,1,1,http://localhost:8080/logout,1,0,0
1619510532281,2,HTTP Request register,200,OK,users 1-47,,true,,153,493,1,1,http://localhost:8080/register,2,0,0
1619510532284,2,HTTP Request login,200,OK,users 1-47,,true,,146,220,1,1,http://localhost:8080/login,2,0,0
1619510532286,1,HTTP Request applyLoan,200,OK,users 1-47,,true,,153,317,1,1,http://localhost:8080/applyLoan,1,0,0
1619510532288,1,HTTP Request update,200,OK,users 1-47,,true,,157,490,1,1,http://localhost:8080/update,1,0,0
1619510532289,1,HTTP Request logout,200,OK,users 1-47,,true,,147,125,1,1,http://localhost:8080/logout,1,0,0
1619510532301,4,HTTP Request register,200,OK,users 1-48,,true,,153,493,1,1,http://localhost:8080/register,4,0,1
1619510532305,3,HTTP Request login,200,OK,users 1-48,,true,,146,220,1,1,http://localhost:8080/login,3,0,0
1619510532308,2,HTTP Request applyLoan,200,OK,users 1-48,,true,,153,317,1,1,http://localhost:8080/applyLoan,2,0,0
1619510532310,1,HTTP Request update,200,OK,users 1-48,,true,,157,490,1,1,http://localhost:8080/update,1,0,0
1619510532311,2,HTTP Request logout,200,OK,users 1-48,,true,,147,125,1,1,http://localhost:8080/logout,2,0,0
1619510532313,2,HTTP Request register,200,OK,users 1-48,,true,,153,493,1,1,http://localhost:8080/register,2,0,0
1619510532316,2,HTTP Request login,200,OK,users 1-48,,true,,146,220,1,1,http://localhost:8080/login,2,0,0
1619510532318,1,HTTP Request applyLoan,200,OK,users 1-48,,true,,153,317,1,1,http://localhost:8080/applyLoan,1,0,0
1619510532319,0,HTTP Request update,200,OK,users 1-48,,true,,157,490,1,1,http://localhost:8080/update,0,0,0
1619510532320,0,HTTP Request logout,200,OK,users 1-48,,true,,147,125,1,1,http://localhost:8080/logout,0,0,0
1619510532320,2,HTTP Request register,200,OK,users 1-48,,true,,153,493,1,1,http://localhost:8080/register,2,0,0
1619510532322,2,HTTP Request login,200,OK,users 1-48,,true,,146,220,1,1,http://localhost:8080/login,2,0,0
1619510532324,1,HTTP Request applyLoan,200,OK,users 1-48,,true,,153,317,1,1,http://localhost:8080/applyLoan,1,0,0
1619510532325,1,HTTP Request update,200,OK,users 1-48,,true,,157,490,1,1,http://localhost:8080/update,1,0,0
1619510532326,1,HTTP Request logout,200,OK,users 1-48,,true,,147,125,1,1,http://localhost:8080/logout,1,0,0
1619510532362,7,HTTP Request register,200,OK,users 1-49,,true,,153,493,1,1,http://localhost:8080/register,7,0,1
1619510532369,5,HTTP Request login,200,OK,users 1-49,,true,,146,220,1,1,http://localhost:8080/login,5,0,0
1619510532374,3,HTTP Request applyLoan,200,OK,users 1-49,,true,,153,317,1,1,http://localhost:8080/applyLoan,3,0,0
1619510532377,2,HTTP Request update,200,OK,users 1-49,,true,,157,490,1,1,http://localhost:8080/update,2,0,0
1619510532380,2,HTTP Request logout,200,OK,users 1-49,,true,,147,125,1,1,http://localhost:8080/logout,2,0,0
1619510532382,5,HTTP Request register,200,OK,users 1-49,,true,,153,493,1,1,http://localhost:8080/register,5,0,0
1619510532388,4,HTTP Request login,200,OK,users 1-49,,true,,146,220,1,1,http://localhost:8080/login,4,0,0
1619510532393,2,HTTP Request applyLoan,200,OK,users 1-49,,true,,153,317,1,1,http://localhost:8080/applyLoan,2,0,0
1619510532395,2,HTTP Request update,200,OK,users 1-49,,true,,157,490,1,1,http://localhost:8080/update,2,0,0
1619510532398,2,HTTP Request logout,200,OK,users 1-49,,true,,147,125,1,1,http://localhost:8080/logout,2,0,0
1619510532401,5,HTTP Request register,200,OK,users 1-49,,true,,153,493,1,1,http://localhost:8080/register,5,0,0
1619510532406,6,HTTP Request login,200,OK,users 1-49,,true,,146,220,1,1,http://localhost:8080/login,5,0,0
1619510532412,1,HTTP Request applyLoan,200,OK,users 1-49,,true,,153,317,1,1,http://localhost:8080/applyLoan,1,0,0
1619510532414,1,HTTP Request update,200,OK,users 1-49,,true,,157,490,1,1,http://localhost:8080/update,1,0,0
1619510532416,1,HTTP Request logout,200,OK,users 1-49,,true,,147,125,1,1,http://localhost:8080/logout,1,0,0
1619510532421,4,HTTP Request register,200,OK,users 1-50,,true,,153,493,1,1,http://localhost:8080/register,4,0,1
1619510532425,3,HTTP Request login,200,OK,users 1-50,,true,,146,220,1,1,http://localhost:8080/login,3,0,0
1619510532428,1,HTTP Request applyLoan,200,OK,users 1-50,,true,,153,317,1,1,http://localhost:8080/applyLoan,1,0,0
1619510532430,1,HTTP Request update,200,OK,users 1-50,,true,,157,490,1,1,http://localhost:8080/update,1,0,0
1619510532431,2,HTTP Request logout,200,OK,users 1-50,,true,,147,125,1,1,http://localhost:8080/logout,2,0,0
1619510532433,2,HTTP Request register,200,OK,users 1-50,,true,,153,493,1,1,http://localhost:8080/register,2,0,0
1619510532435,2,HTTP Request login,200,OK,users 1-50,,true,,146,220,1,1,http://localhost:8080/login,2,0,0
1619510532438,1,HTTP Request applyLoan,200,OK,users 1-50,,true,,153,317,1,1,http://localhost:8080/applyLoan,1,0,0
1619510532439,1,HTTP Request update,200,OK,users 1-50,,true,,157,490,1,1,http://localhost:8080/update,1,0,0
1619510532440,1,HTTP Request logout,200,OK,users 1-50,,true,,147,125,1,1,http://localhost:8080/logout,1,0,0
1619510532441,2,HTTP Request register,200,OK,users 1-50,,true,,153,493,1,1,http://localhost:8080/register,2,0,0
1619510532443,2,HTTP Request login,200,OK,users 1-50,,true,,146,220,1,1,http://localhost:8080/login,2,0,0
1619510532445,1,HTTP Request applyLoan,200,OK,users 1-50,,true,,153,317,1,1,http://localhost:8080/applyLoan,1,0,0
1619510532447,0,HTTP Request update,200,OK,users 1-50,,true,,157,490,1,1,http://localhost:8080/update,0,0,0
1619510532448,0,HTTP Request logout,200,OK,users 1-50,,true,,147,125,1,1,http://localhost:8080/logout,0,0,0
